video_path,class_gloss,class_id,feature_path
WLASL/videos/69241.mp4,book,11,features_cache/69241.pt
WLASL/videos/65225.mp4,book,11,features_cache/65225.pt
WLASL/videos/68011.mp4,book,11,features_cache/68011.pt
WLASL/videos/68208.mp4,book,11,features_cache/68208.pt
WLASL/videos/68012.mp4,book,11,features_cache/68012.pt
WLASL/videos/70266.mp4,book,11,features_cache/70266.pt
WLASL/videos/07085.mp4,book,11,features_cache/07085.pt
WLASL/videos/07086.mp4,book,11,features_cache/07086.pt
WLASL/videos/07087.mp4,book,11,features_cache/07087.pt
WLASL/videos/07069.mp4,book,11,features_cache/07069.pt
WLASL/videos/07088.mp4,book,11,features_cache/07088.pt
WLASL/videos/07089.mp4,book,11,features_cache/07089.pt
WLASL/videos/07090.mp4,book,11,features_cache/07090.pt
WLASL/videos/07091.mp4,book,11,features_cache/07091.pt
WLASL/videos/07068.mp4,book,11,features_cache/07068.pt
WLASL/videos/07097.mp4,book,11,features_cache/07097.pt
WLASL/videos/07070.mp4,book,11,features_cache/07070.pt
WLASL/videos/07071.mp4,book,11,features_cache/07071.pt
WLASL/videos/07073.mp4,book,11,features_cache/07073.pt
WLASL/videos/67424.mp4,book,11,features_cache/67424.pt
WLASL/videos/07074.mp4,book,11,features_cache/07074.pt
WLASL/videos/07075.mp4,book,11,features_cache/07075.pt
WLASL/videos/07076.mp4,book,11,features_cache/07076.pt
WLASL/videos/07077.mp4,book,11,features_cache/07077.pt
WLASL/videos/07078.mp4,book,11,features_cache/07078.pt
WLASL/videos/07079.mp4,book,11,features_cache/07079.pt
WLASL/videos/07080.mp4,book,11,features_cache/07080.pt
WLASL/videos/07081.mp4,book,11,features_cache/07081.pt
WLASL/videos/07082.mp4,book,11,features_cache/07082.pt
WLASL/videos/07084.mp4,book,11,features_cache/07084.pt
WLASL/videos/65539.mp4,drink,35,features_cache/65539.pt
WLASL/videos/68660.mp4,drink,35,features_cache/68660.pt
WLASL/videos/68041.mp4,drink,35,features_cache/68041.pt
WLASL/videos/17725.mp4,drink,35,features_cache/17725.pt
WLASL/videos/17726.mp4,drink,35,features_cache/17726.pt
WLASL/videos/17727.mp4,drink,35,features_cache/17727.pt
WLASL/videos/17728.mp4,drink,35,features_cache/17728.pt
WLASL/videos/17710.mp4,drink,35,features_cache/17710.pt
WLASL/videos/17729.mp4,drink,35,features_cache/17729.pt
WLASL/videos/17731.mp4,drink,35,features_cache/17731.pt
WLASL/videos/17732.mp4,drink,35,features_cache/17732.pt
WLASL/videos/17733.mp4,drink,35,features_cache/17733.pt
WLASL/videos/65540.mp4,drink,35,features_cache/65540.pt
WLASL/videos/17711.mp4,drink,35,features_cache/17711.pt
WLASL/videos/17712.mp4,drink,35,features_cache/17712.pt
WLASL/videos/17714.mp4,drink,35,features_cache/17714.pt
WLASL/videos/17715.mp4,drink,35,features_cache/17715.pt
WLASL/videos/17717.mp4,drink,35,features_cache/17717.pt
WLASL/videos/17709.mp4,drink,35,features_cache/17709.pt
WLASL/videos/67594.mp4,drink,35,features_cache/67594.pt
WLASL/videos/17719.mp4,drink,35,features_cache/17719.pt
WLASL/videos/17720.mp4,drink,35,features_cache/17720.pt
WLASL/videos/17721.mp4,drink,35,features_cache/17721.pt
WLASL/videos/17722.mp4,drink,35,features_cache/17722.pt
WLASL/videos/17723.mp4,drink,35,features_cache/17723.pt
WLASL/videos/68028.mp4,computer,23,features_cache/68028.pt
WLASL/videos/69054.mp4,computer,23,features_cache/69054.pt
WLASL/videos/12328.mp4,computer,23,features_cache/12328.pt
WLASL/videos/12329.mp4,computer,23,features_cache/12329.pt
WLASL/videos/12330.mp4,computer,23,features_cache/12330.pt
WLASL/videos/12331.mp4,computer,23,features_cache/12331.pt
WLASL/videos/12311.mp4,computer,23,features_cache/12311.pt
WLASL/videos/12337.mp4,computer,23,features_cache/12337.pt
WLASL/videos/12338.mp4,computer,23,features_cache/12338.pt
WLASL/videos/12313.mp4,computer,23,features_cache/12313.pt
WLASL/videos/12314.mp4,computer,23,features_cache/12314.pt
WLASL/videos/12316.mp4,computer,23,features_cache/12316.pt
WLASL/videos/12317.mp4,computer,23,features_cache/12317.pt
WLASL/videos/12318.mp4,computer,23,features_cache/12318.pt
WLASL/videos/12319.mp4,computer,23,features_cache/12319.pt
WLASL/videos/12321.mp4,computer,23,features_cache/12321.pt
WLASL/videos/12322.mp4,computer,23,features_cache/12322.pt
WLASL/videos/12323.mp4,computer,23,features_cache/12323.pt
WLASL/videos/12324.mp4,computer,23,features_cache/12324.pt
WLASL/videos/12327.mp4,computer,23,features_cache/12327.pt
WLASL/videos/05724.mp4,before,6,features_cache/05724.pt
WLASL/videos/70348.mp4,before,6,features_cache/70348.pt
WLASL/videos/68007.mp4,before,6,features_cache/68007.pt
WLASL/videos/05744.mp4,before,6,features_cache/05744.pt
WLASL/videos/05728.mp4,before,6,features_cache/05728.pt
WLASL/videos/05747.mp4,before,6,features_cache/05747.pt
WLASL/videos/05748.mp4,before,6,features_cache/05748.pt
WLASL/videos/05749.mp4,before,6,features_cache/05749.pt
WLASL/videos/05729.mp4,before,6,features_cache/05729.pt
WLASL/videos/05730.mp4,before,6,features_cache/05730.pt
WLASL/videos/65167.mp4,before,6,features_cache/65167.pt
WLASL/videos/05731.mp4,before,6,features_cache/05731.pt
WLASL/videos/05732.mp4,before,6,features_cache/05732.pt
WLASL/videos/05733.mp4,before,6,features_cache/05733.pt
WLASL/videos/05734.mp4,before,6,features_cache/05734.pt
WLASL/videos/05740.mp4,before,6,features_cache/05740.pt
WLASL/videos/05742.mp4,before,6,features_cache/05742.pt
WLASL/videos/05743.mp4,before,6,features_cache/05743.pt
WLASL/videos/70230.mp4,chair,17,features_cache/70230.pt
WLASL/videos/68580.mp4,chair,17,features_cache/68580.pt
WLASL/videos/70263.mp4,chair,17,features_cache/70263.pt
WLASL/videos/68019.mp4,chair,17,features_cache/68019.pt
WLASL/videos/09865.mp4,chair,17,features_cache/09865.pt
WLASL/videos/09866.mp4,chair,17,features_cache/09866.pt
WLASL/videos/09848.mp4,chair,17,features_cache/09848.pt
WLASL/videos/09869.mp4,chair,17,features_cache/09869.pt
WLASL/videos/09849.mp4,chair,17,features_cache/09849.pt
WLASL/videos/09850.mp4,chair,17,features_cache/09850.pt
WLASL/videos/65328.mp4,chair,17,features_cache/65328.pt
WLASL/videos/09853.mp4,chair,17,features_cache/09853.pt
WLASL/videos/09856.mp4,chair,17,features_cache/09856.pt
WLASL/videos/09857.mp4,chair,17,features_cache/09857.pt
WLASL/videos/09858.mp4,chair,17,features_cache/09858.pt
WLASL/videos/09859.mp4,chair,17,features_cache/09859.pt
WLASL/videos/09860.mp4,chair,17,features_cache/09860.pt
WLASL/videos/09861.mp4,chair,17,features_cache/09861.pt
WLASL/videos/09863.mp4,chair,17,features_cache/09863.pt
WLASL/videos/68292.mp4,go,45,features_cache/68292.pt
WLASL/videos/24955.mp4,go,45,features_cache/24955.pt
WLASL/videos/24956.mp4,go,45,features_cache/24956.pt
WLASL/videos/24941.mp4,go,45,features_cache/24941.pt
WLASL/videos/24961.mp4,go,45,features_cache/24961.pt
WLASL/videos/24962.mp4,go,45,features_cache/24962.pt
WLASL/videos/24965.mp4,go,45,features_cache/24965.pt
WLASL/videos/24969.mp4,go,45,features_cache/24969.pt
WLASL/videos/24970.mp4,go,45,features_cache/24970.pt
WLASL/videos/24971.mp4,go,45,features_cache/24971.pt
WLASL/videos/24972.mp4,go,45,features_cache/24972.pt
WLASL/videos/65824.mp4,go,45,features_cache/65824.pt
WLASL/videos/24973.mp4,go,45,features_cache/24973.pt
WLASL/videos/24943.mp4,go,45,features_cache/24943.pt
WLASL/videos/24947.mp4,go,45,features_cache/24947.pt
WLASL/videos/24940.mp4,go,45,features_cache/24940.pt
WLASL/videos/24950.mp4,go,45,features_cache/24950.pt
WLASL/videos/24951.mp4,go,45,features_cache/24951.pt
WLASL/videos/24954.mp4,go,45,features_cache/24954.pt
WLASL/videos/68870.mp4,clothes,21,features_cache/68870.pt
WLASL/videos/68024.mp4,clothes,21,features_cache/68024.pt
WLASL/videos/11327.mp4,clothes,21,features_cache/11327.pt
WLASL/videos/11328.mp4,clothes,21,features_cache/11328.pt
WLASL/videos/11310.mp4,clothes,21,features_cache/11310.pt
WLASL/videos/11329.mp4,clothes,21,features_cache/11329.pt
WLASL/videos/11330.mp4,clothes,21,features_cache/11330.pt
WLASL/videos/11312.mp4,clothes,21,features_cache/11312.pt
WLASL/videos/11313.mp4,clothes,21,features_cache/11313.pt
WLASL/videos/11309.mp4,clothes,21,features_cache/11309.pt
WLASL/videos/11316.mp4,clothes,21,features_cache/11316.pt
WLASL/videos/11317.mp4,clothes,21,features_cache/11317.pt
WLASL/videos/11320.mp4,clothes,21,features_cache/11320.pt
WLASL/videos/11321.mp4,clothes,21,features_cache/11321.pt
WLASL/videos/11322.mp4,clothes,21,features_cache/11322.pt
WLASL/videos/11323.mp4,clothes,21,features_cache/11323.pt
WLASL/videos/11324.mp4,clothes,21,features_cache/11324.pt
WLASL/videos/11326.mp4,clothes,21,features_cache/11326.pt
WLASL/videos/69534.mp4,who,94,features_cache/69534.pt
WLASL/videos/68890.mp4,who,94,features_cache/68890.pt
WLASL/videos/68183.mp4,who,94,features_cache/68183.pt
WLASL/videos/63239.mp4,who,94,features_cache/63239.pt
WLASL/videos/63240.mp4,who,94,features_cache/63240.pt
WLASL/videos/63241.mp4,who,94,features_cache/63241.pt
WLASL/videos/63242.mp4,who,94,features_cache/63242.pt
WLASL/videos/63227.mp4,who,94,features_cache/63227.pt
WLASL/videos/63228.mp4,who,94,features_cache/63228.pt
WLASL/videos/63231.mp4,who,94,features_cache/63231.pt
WLASL/videos/66778.mp4,who,94,features_cache/66778.pt
WLASL/videos/63232.mp4,who,94,features_cache/63232.pt
WLASL/videos/66779.mp4,who,94,features_cache/66779.pt
WLASL/videos/66780.mp4,who,94,features_cache/66780.pt
WLASL/videos/63225.mp4,who,94,features_cache/63225.pt
WLASL/videos/67066.mp4,who,94,features_cache/67066.pt
WLASL/videos/63236.mp4,who,94,features_cache/63236.pt
WLASL/videos/63238.mp4,who,94,features_cache/63238.pt
WLASL/videos/08909.mp4,candy,16,features_cache/08909.pt
WLASL/videos/68018.mp4,candy,16,features_cache/68018.pt
WLASL/videos/70326.mp4,candy,16,features_cache/70326.pt
WLASL/videos/68790.mp4,candy,16,features_cache/68790.pt
WLASL/videos/08928.mp4,candy,16,features_cache/08928.pt
WLASL/videos/08916.mp4,candy,16,features_cache/08916.pt
WLASL/videos/08917.mp4,candy,16,features_cache/08917.pt
WLASL/videos/08919.mp4,candy,16,features_cache/08919.pt
WLASL/videos/08920.mp4,candy,16,features_cache/08920.pt
WLASL/videos/08921.mp4,candy,16,features_cache/08921.pt
WLASL/videos/08923.mp4,candy,16,features_cache/08923.pt
WLASL/videos/65298.mp4,candy,16,features_cache/65298.pt
WLASL/videos/08924.mp4,candy,16,features_cache/08924.pt
WLASL/videos/65299.mp4,candy,16,features_cache/65299.pt
WLASL/videos/67470.mp4,candy,16,features_cache/67470.pt
WLASL/videos/08926.mp4,candy,16,features_cache/08926.pt
WLASL/videos/08927.mp4,candy,16,features_cache/08927.pt
WLASL/videos/70332.mp4,cousin,27,features_cache/70332.pt
WLASL/videos/68592.mp4,cousin,27,features_cache/68592.pt
WLASL/videos/13647.mp4,cousin,27,features_cache/13647.pt
WLASL/videos/13648.mp4,cousin,27,features_cache/13648.pt
WLASL/videos/13631.mp4,cousin,27,features_cache/13631.pt
WLASL/videos/13632.mp4,cousin,27,features_cache/13632.pt
WLASL/videos/13636.mp4,cousin,27,features_cache/13636.pt
WLASL/videos/13637.mp4,cousin,27,features_cache/13637.pt
WLASL/videos/13638.mp4,cousin,27,features_cache/13638.pt
WLASL/videos/13630.mp4,cousin,27,features_cache/13630.pt
WLASL/videos/13640.mp4,cousin,27,features_cache/13640.pt
WLASL/videos/13642.mp4,cousin,27,features_cache/13642.pt
WLASL/videos/13643.mp4,cousin,27,features_cache/13643.pt
WLASL/videos/13644.mp4,cousin,27,features_cache/13644.pt
WLASL/videos/13645.mp4,cousin,27,features_cache/13645.pt
WLASL/videos/13646.mp4,cousin,27,features_cache/13646.pt
WLASL/videos/70015.mp4,deaf,31,features_cache/70015.pt
WLASL/videos/68586.mp4,deaf,31,features_cache/68586.pt
WLASL/videos/68033.mp4,deaf,31,features_cache/68033.pt
WLASL/videos/14899.mp4,deaf,31,features_cache/14899.pt
WLASL/videos/14900.mp4,deaf,31,features_cache/14900.pt
WLASL/videos/14882.mp4,deaf,31,features_cache/14882.pt
WLASL/videos/14884.mp4,deaf,31,features_cache/14884.pt
WLASL/videos/14885.mp4,deaf,31,features_cache/14885.pt
WLASL/videos/14886.mp4,deaf,31,features_cache/14886.pt
WLASL/videos/65445.mp4,deaf,31,features_cache/65445.pt
WLASL/videos/14889.mp4,deaf,31,features_cache/14889.pt
WLASL/videos/14893.mp4,deaf,31,features_cache/14893.pt
WLASL/videos/14894.mp4,deaf,31,features_cache/14894.pt
WLASL/videos/14895.mp4,deaf,31,features_cache/14895.pt
WLASL/videos/14896.mp4,deaf,31,features_cache/14896.pt
WLASL/videos/14898.mp4,deaf,31,features_cache/14898.pt
WLASL/videos/68048.mp4,fine,39,features_cache/68048.pt
WLASL/videos/21885.mp4,fine,39,features_cache/21885.pt
WLASL/videos/21888.mp4,fine,39,features_cache/21888.pt
WLASL/videos/21870.mp4,fine,39,features_cache/21870.pt
WLASL/videos/21889.mp4,fine,39,features_cache/21889.pt
WLASL/videos/21891.mp4,fine,39,features_cache/21891.pt
WLASL/videos/21871.mp4,fine,39,features_cache/21871.pt
WLASL/videos/21869.mp4,fine,39,features_cache/21869.pt
WLASL/videos/21875.mp4,fine,39,features_cache/21875.pt
WLASL/videos/21876.mp4,fine,39,features_cache/21876.pt
WLASL/videos/21878.mp4,fine,39,features_cache/21878.pt
WLASL/videos/67660.mp4,fine,39,features_cache/67660.pt
WLASL/videos/67659.mp4,fine,39,features_cache/67659.pt
WLASL/videos/21883.mp4,fine,39,features_cache/21883.pt
WLASL/videos/21884.mp4,fine,39,features_cache/21884.pt
WLASL/videos/27221.mp4,help,49,features_cache/27221.pt
WLASL/videos/27206.mp4,help,49,features_cache/27206.pt
WLASL/videos/27207.mp4,help,49,features_cache/27207.pt
WLASL/videos/27208.mp4,help,49,features_cache/27208.pt
WLASL/videos/27210.mp4,help,49,features_cache/27210.pt
WLASL/videos/27211.mp4,help,49,features_cache/27211.pt
WLASL/videos/27212.mp4,help,49,features_cache/27212.pt
WLASL/videos/65890.mp4,help,49,features_cache/65890.pt
WLASL/videos/27214.mp4,help,49,features_cache/27214.pt
WLASL/videos/65889.mp4,help,49,features_cache/65889.pt
WLASL/videos/67757.mp4,help,49,features_cache/67757.pt
WLASL/videos/27215.mp4,help,49,features_cache/27215.pt
WLASL/videos/27216.mp4,help,49,features_cache/27216.pt
WLASL/videos/27217.mp4,help,49,features_cache/27217.pt
WLASL/videos/27218.mp4,help,49,features_cache/27218.pt
WLASL/videos/38539.mp4,no,65,features_cache/38539.pt
WLASL/videos/38540.mp4,no,65,features_cache/38540.pt
WLASL/videos/38541.mp4,no,65,features_cache/38541.pt
WLASL/videos/38542.mp4,no,65,features_cache/38542.pt
WLASL/videos/38544.mp4,no,65,features_cache/38544.pt
WLASL/videos/38527.mp4,no,65,features_cache/38527.pt
WLASL/videos/38529.mp4,no,65,features_cache/38529.pt
WLASL/videos/38530.mp4,no,65,features_cache/38530.pt
WLASL/videos/38532.mp4,no,65,features_cache/38532.pt
WLASL/videos/66183.mp4,no,65,features_cache/66183.pt
WLASL/videos/38524.mp4,no,65,features_cache/38524.pt
WLASL/videos/67934.mp4,no,65,features_cache/67934.pt
WLASL/videos/38534.mp4,no,65,features_cache/38534.pt
WLASL/videos/38536.mp4,no,65,features_cache/38536.pt
WLASL/videos/38538.mp4,no,65,features_cache/38538.pt
WLASL/videos/57919.mp4,thin,87,features_cache/57919.pt
WLASL/videos/57949.mp4,thin,87,features_cache/57949.pt
WLASL/videos/57950.mp4,thin,87,features_cache/57950.pt
WLASL/videos/57952.mp4,thin,87,features_cache/57952.pt
WLASL/videos/57934.mp4,thin,87,features_cache/57934.pt
WLASL/videos/57953.mp4,thin,87,features_cache/57953.pt
WLASL/videos/57935.mp4,thin,87,features_cache/57935.pt
WLASL/videos/57936.mp4,thin,87,features_cache/57936.pt
WLASL/videos/57937.mp4,thin,87,features_cache/57937.pt
WLASL/videos/66606.mp4,thin,87,features_cache/66606.pt
WLASL/videos/57939.mp4,thin,87,features_cache/57939.pt
WLASL/videos/57940.mp4,thin,87,features_cache/57940.pt
WLASL/videos/57942.mp4,thin,87,features_cache/57942.pt
WLASL/videos/67299.mp4,thin,87,features_cache/67299.pt
WLASL/videos/57947.mp4,thin,87,features_cache/57947.pt
WLASL/videos/62173.mp4,walk,90,features_cache/62173.pt
WLASL/videos/62174.mp4,walk,90,features_cache/62174.pt
WLASL/videos/62175.mp4,walk,90,features_cache/62175.pt
WLASL/videos/62159.mp4,walk,90,features_cache/62159.pt
WLASL/videos/62163.mp4,walk,90,features_cache/62163.pt
WLASL/videos/62164.mp4,walk,90,features_cache/62164.pt
WLASL/videos/62165.mp4,walk,90,features_cache/62165.pt
WLASL/videos/66743.mp4,walk,90,features_cache/66743.pt
WLASL/videos/66742.mp4,walk,90,features_cache/66742.pt
WLASL/videos/67036.mp4,walk,90,features_cache/67036.pt
WLASL/videos/62168.mp4,walk,90,features_cache/62168.pt
WLASL/videos/62169.mp4,walk,90,features_cache/62169.pt
WLASL/videos/62170.mp4,walk,90,features_cache/62170.pt
WLASL/videos/62171.mp4,walk,90,features_cache/62171.pt
WLASL/videos/62172.mp4,walk,90,features_cache/62172.pt
WLASL/videos/70306.mp4,year,98,features_cache/70306.pt
WLASL/videos/68992.mp4,year,98,features_cache/68992.pt
WLASL/videos/64223.mp4,year,98,features_cache/64223.pt
WLASL/videos/64224.mp4,year,98,features_cache/64224.pt
WLASL/videos/64212.mp4,year,98,features_cache/64212.pt
WLASL/videos/66818.mp4,year,98,features_cache/66818.pt
WLASL/videos/64213.mp4,year,98,features_cache/64213.pt
WLASL/videos/66816.mp4,year,98,features_cache/66816.pt
WLASL/videos/64215.mp4,year,98,features_cache/64215.pt
WLASL/videos/67012.mp4,year,98,features_cache/67012.pt
WLASL/videos/64217.mp4,year,98,features_cache/64217.pt
WLASL/videos/64219.mp4,year,98,features_cache/64219.pt
WLASL/videos/64218.mp4,year,98,features_cache/64218.pt
WLASL/videos/64221.mp4,year,98,features_cache/64221.pt
WLASL/videos/64222.mp4,year,98,features_cache/64222.pt
WLASL/videos/64290.mp4,yes,99,features_cache/64290.pt
WLASL/videos/64284.mp4,yes,99,features_cache/64284.pt
WLASL/videos/64291.mp4,yes,99,features_cache/64291.pt
WLASL/videos/64292.mp4,yes,99,features_cache/64292.pt
WLASL/videos/64294.mp4,yes,99,features_cache/64294.pt
WLASL/videos/64295.mp4,yes,99,features_cache/64295.pt
WLASL/videos/64296.mp4,yes,99,features_cache/64296.pt
WLASL/videos/66820.mp4,yes,99,features_cache/66820.pt
WLASL/videos/64280.mp4,yes,99,features_cache/64280.pt
WLASL/videos/64299.mp4,yes,99,features_cache/64299.pt
WLASL/videos/64300.mp4,yes,99,features_cache/64300.pt
WLASL/videos/64281.mp4,yes,99,features_cache/64281.pt
WLASL/videos/64288.mp4,yes,99,features_cache/64288.pt
WLASL/videos/64289.mp4,yes,99,features_cache/64289.pt
WLASL/videos/64283.mp4,yes,99,features_cache/64283.pt
WLASL/videos/69206.mp4,all,2,features_cache/69206.pt
WLASL/videos/02002.mp4,all,2,features_cache/02002.pt
WLASL/videos/02003.mp4,all,2,features_cache/02003.pt
WLASL/videos/01987.mp4,all,2,features_cache/01987.pt
WLASL/videos/01988.mp4,all,2,features_cache/01988.pt
WLASL/videos/01989.mp4,all,2,features_cache/01989.pt
WLASL/videos/01990.mp4,all,2,features_cache/01990.pt
WLASL/videos/01991.mp4,all,2,features_cache/01991.pt
WLASL/videos/01992.mp4,all,2,features_cache/01992.pt
WLASL/videos/65043.mp4,all,2,features_cache/65043.pt
WLASL/videos/01995.mp4,all,2,features_cache/01995.pt
WLASL/videos/67356.mp4,all,2,features_cache/67356.pt
WLASL/videos/01998.mp4,all,2,features_cache/01998.pt
WLASL/videos/02000.mp4,all,2,features_cache/02000.pt
WLASL/videos/70244.mp4,black,9,features_cache/70244.pt
WLASL/videos/06472.mp4,black,9,features_cache/06472.pt
WLASL/videos/06473.mp4,black,9,features_cache/06473.pt
WLASL/videos/06474.mp4,black,9,features_cache/06474.pt
WLASL/videos/06475.mp4,black,9,features_cache/06475.pt
WLASL/videos/06477.mp4,black,9,features_cache/06477.pt
WLASL/videos/06478.mp4,black,9,features_cache/06478.pt
WLASL/videos/06480.mp4,black,9,features_cache/06480.pt
WLASL/videos/65200.mp4,black,9,features_cache/65200.pt
WLASL/videos/06471.mp4,black,9,features_cache/06471.pt
WLASL/videos/67414.mp4,black,9,features_cache/67414.pt
WLASL/videos/06482.mp4,black,9,features_cache/06482.pt
WLASL/videos/06484.mp4,black,9,features_cache/06484.pt
WLASL/videos/06485.mp4,black,9,features_cache/06485.pt
WLASL/videos/06486.mp4,black,9,features_cache/06486.pt
WLASL/videos/69281.mp4,cool,25,features_cache/69281.pt
WLASL/videos/65403.mp4,cool,25,features_cache/65403.pt
WLASL/videos/13213.mp4,cool,25,features_cache/13213.pt
WLASL/videos/13214.mp4,cool,25,features_cache/13214.pt
WLASL/videos/13216.mp4,cool,25,features_cache/13216.pt
WLASL/videos/13217.mp4,cool,25,features_cache/13217.pt
WLASL/videos/13199.mp4,cool,25,features_cache/13199.pt
WLASL/videos/13200.mp4,cool,25,features_cache/13200.pt
WLASL/videos/13201.mp4,cool,25,features_cache/13201.pt
WLASL/videos/13202.mp4,cool,25,features_cache/13202.pt
WLASL/videos/13205.mp4,cool,25,features_cache/13205.pt
WLASL/videos/13206.mp4,cool,25,features_cache/13206.pt
WLASL/videos/13208.mp4,cool,25,features_cache/13208.pt
WLASL/videos/13209.mp4,cool,25,features_cache/13209.pt
WLASL/videos/68050.mp4,finish,40,features_cache/68050.pt
WLASL/videos/68674.mp4,finish,40,features_cache/68674.pt
WLASL/videos/68688.mp4,finish,40,features_cache/68688.pt
WLASL/videos/21943.mp4,finish,40,features_cache/21943.pt
WLASL/videos/21945.mp4,finish,40,features_cache/21945.pt
WLASL/videos/21950.mp4,finish,40,features_cache/21950.pt
WLASL/videos/65721.mp4,finish,40,features_cache/65721.pt
WLASL/videos/21941.mp4,finish,40,features_cache/21941.pt
WLASL/videos/67663.mp4,finish,40,features_cache/67663.pt
WLASL/videos/21951.mp4,finish,40,features_cache/21951.pt
WLASL/videos/21953.mp4,finish,40,features_cache/21953.pt
WLASL/videos/21954.mp4,finish,40,features_cache/21954.pt
WLASL/videos/21955.mp4,finish,40,features_cache/21955.pt
WLASL/videos/21956.mp4,finish,40,features_cache/21956.pt
WLASL/videos/28125.mp4,hot,50,features_cache/28125.pt
WLASL/videos/28108.mp4,hot,50,features_cache/28108.pt
WLASL/videos/28109.mp4,hot,50,features_cache/28109.pt
WLASL/videos/28110.mp4,hot,50,features_cache/28110.pt
WLASL/videos/28111.mp4,hot,50,features_cache/28111.pt
WLASL/videos/28113.mp4,hot,50,features_cache/28113.pt
WLASL/videos/28114.mp4,hot,50,features_cache/28114.pt
WLASL/videos/28115.mp4,hot,50,features_cache/28115.pt
WLASL/videos/28116.mp4,hot,50,features_cache/28116.pt
WLASL/videos/28107.mp4,hot,50,features_cache/28107.pt
WLASL/videos/28118.mp4,hot,50,features_cache/28118.pt
WLASL/videos/28120.mp4,hot,50,features_cache/28120.pt
WLASL/videos/28122.mp4,hot,50,features_cache/28122.pt
WLASL/videos/28123.mp4,hot,50,features_cache/28123.pt
WLASL/videos/28124.mp4,hot,50,features_cache/28124.pt
WLASL/videos/33266.mp4,like,58,features_cache/33266.pt
WLASL/videos/70299.mp4,like,58,features_cache/70299.pt
WLASL/videos/33285.mp4,like,58,features_cache/33285.pt
WLASL/videos/33267.mp4,like,58,features_cache/33267.pt
WLASL/videos/33269.mp4,like,58,features_cache/33269.pt
WLASL/videos/33273.mp4,like,58,features_cache/33273.pt
WLASL/videos/33274.mp4,like,58,features_cache/33274.pt
WLASL/videos/33277.mp4,like,58,features_cache/33277.pt
WLASL/videos/33278.mp4,like,58,features_cache/33278.pt
WLASL/videos/33279.mp4,like,58,features_cache/33279.pt
WLASL/videos/33281.mp4,like,58,features_cache/33281.pt
WLASL/videos/33282.mp4,like,58,features_cache/33282.pt
WLASL/videos/33283.mp4,like,58,features_cache/33283.pt
WLASL/videos/33284.mp4,like,58,features_cache/33284.pt
WLASL/videos/34823.mp4,many,60,features_cache/34823.pt
WLASL/videos/34824.mp4,many,60,features_cache/34824.pt
WLASL/videos/34825.mp4,many,60,features_cache/34825.pt
WLASL/videos/34826.mp4,many,60,features_cache/34826.pt
WLASL/videos/34827.mp4,many,60,features_cache/34827.pt
WLASL/videos/34829.mp4,many,60,features_cache/34829.pt
WLASL/videos/34830.mp4,many,60,features_cache/34830.pt
WLASL/videos/34831.mp4,many,60,features_cache/34831.pt
WLASL/videos/67873.mp4,many,60,features_cache/67873.pt
WLASL/videos/34832.mp4,many,60,features_cache/34832.pt
WLASL/videos/34833.mp4,many,60,features_cache/34833.pt
WLASL/videos/34835.mp4,many,60,features_cache/34835.pt
WLASL/videos/34837.mp4,many,60,features_cache/34837.pt
WLASL/videos/34838.mp4,many,60,features_cache/34838.pt
WLASL/videos/34839.mp4,many,60,features_cache/34839.pt
WLASL/videos/36946.mp4,mother,63,features_cache/36946.pt
WLASL/videos/36930.mp4,mother,63,features_cache/36930.pt
WLASL/videos/36931.mp4,mother,63,features_cache/36931.pt
WLASL/videos/36932.mp4,mother,63,features_cache/36932.pt
WLASL/videos/36933.mp4,mother,63,features_cache/36933.pt
WLASL/videos/36936.mp4,mother,63,features_cache/36936.pt
WLASL/videos/36937.mp4,mother,63,features_cache/36937.pt
WLASL/videos/36938.mp4,mother,63,features_cache/36938.pt
WLASL/videos/66147.mp4,mother,63,features_cache/66147.pt
WLASL/videos/66146.mp4,mother,63,features_cache/66146.pt
WLASL/videos/36929.mp4,mother,63,features_cache/36929.pt
WLASL/videos/36939.mp4,mother,63,features_cache/36939.pt
WLASL/videos/36941.mp4,mother,63,features_cache/36941.pt
WLASL/videos/36942.mp4,mother,63,features_cache/36942.pt
WLASL/videos/36944.mp4,mother,63,features_cache/36944.pt
WLASL/videos/70345.mp4,now,66,features_cache/70345.pt
WLASL/videos/68694.mp4,now,66,features_cache/68694.pt
WLASL/videos/68770.mp4,now,66,features_cache/68770.pt
WLASL/videos/68114.mp4,now,66,features_cache/68114.pt
WLASL/videos/38999.mp4,now,66,features_cache/38999.pt
WLASL/videos/39001.mp4,now,66,features_cache/39001.pt
WLASL/videos/39002.mp4,now,66,features_cache/39002.pt
WLASL/videos/39003.mp4,now,66,features_cache/39003.pt
WLASL/videos/38990.mp4,now,66,features_cache/38990.pt
WLASL/videos/67937.mp4,now,66,features_cache/67937.pt
WLASL/videos/39004.mp4,now,66,features_cache/39004.pt
WLASL/videos/39006.mp4,now,66,features_cache/39006.pt
WLASL/videos/38995.mp4,now,66,features_cache/38995.pt
WLASL/videos/38996.mp4,now,66,features_cache/38996.pt
WLASL/videos/38997.mp4,now,66,features_cache/38997.pt
WLASL/videos/70249.mp4,orange,67,features_cache/70249.pt
WLASL/videos/68122.mp4,orange,67,features_cache/68122.pt
WLASL/videos/40115.mp4,orange,67,features_cache/40115.pt
WLASL/videos/40116.mp4,orange,67,features_cache/40116.pt
WLASL/videos/40117.mp4,orange,67,features_cache/40117.pt
WLASL/videos/40119.mp4,orange,67,features_cache/40119.pt
WLASL/videos/40120.mp4,orange,67,features_cache/40120.pt
WLASL/videos/40121.mp4,orange,67,features_cache/40121.pt
WLASL/videos/40122.mp4,orange,67,features_cache/40122.pt
WLASL/videos/40123.mp4,orange,67,features_cache/40123.pt
WLASL/videos/66246.mp4,orange,67,features_cache/66246.pt
WLASL/videos/40124.mp4,orange,67,features_cache/40124.pt
WLASL/videos/40128.mp4,orange,67,features_cache/40128.pt
WLASL/videos/40129.mp4,orange,67,features_cache/40129.pt
WLASL/videos/40130.mp4,orange,67,features_cache/40130.pt
WLASL/videos/56573.mp4,table,83,features_cache/56573.pt
WLASL/videos/56574.mp4,table,83,features_cache/56574.pt
WLASL/videos/56557.mp4,table,83,features_cache/56557.pt
WLASL/videos/56576.mp4,table,83,features_cache/56576.pt
WLASL/videos/56577.mp4,table,83,features_cache/56577.pt
WLASL/videos/56579.mp4,table,83,features_cache/56579.pt
WLASL/videos/56558.mp4,table,83,features_cache/56558.pt
WLASL/videos/56556.mp4,table,83,features_cache/56556.pt
WLASL/videos/56560.mp4,table,83,features_cache/56560.pt
WLASL/videos/56563.mp4,table,83,features_cache/56563.pt
WLASL/videos/56564.mp4,table,83,features_cache/56564.pt
WLASL/videos/56566.mp4,table,83,features_cache/56566.pt
WLASL/videos/56568.mp4,table,83,features_cache/56568.pt
WLASL/videos/56569.mp4,table,83,features_cache/56569.pt
WLASL/videos/56571.mp4,table,83,features_cache/56571.pt
WLASL/videos/69092.mp4,thanksgiving,86,features_cache/69092.pt
WLASL/videos/57645.mp4,thanksgiving,86,features_cache/57645.pt
WLASL/videos/57647.mp4,thanksgiving,86,features_cache/57647.pt
WLASL/videos/57630.mp4,thanksgiving,86,features_cache/57630.pt
WLASL/videos/57631.mp4,thanksgiving,86,features_cache/57631.pt
WLASL/videos/57632.mp4,thanksgiving,86,features_cache/57632.pt
WLASL/videos/57633.mp4,thanksgiving,86,features_cache/57633.pt
WLASL/videos/57634.mp4,thanksgiving,86,features_cache/57634.pt
WLASL/videos/67292.mp4,thanksgiving,86,features_cache/67292.pt
WLASL/videos/57635.mp4,thanksgiving,86,features_cache/57635.pt
WLASL/videos/57636.mp4,thanksgiving,86,features_cache/57636.pt
WLASL/videos/57638.mp4,thanksgiving,86,features_cache/57638.pt
WLASL/videos/57641.mp4,thanksgiving,86,features_cache/57641.pt
WLASL/videos/57642.mp4,thanksgiving,86,features_cache/57642.pt
WLASL/videos/57643.mp4,thanksgiving,86,features_cache/57643.pt
WLASL/videos/68330.mp4,what,92,features_cache/68330.pt
WLASL/videos/62968.mp4,what,92,features_cache/62968.pt
WLASL/videos/62982.mp4,what,92,features_cache/62982.pt
WLASL/videos/62970.mp4,what,92,features_cache/62970.pt
WLASL/videos/62984.mp4,what,92,features_cache/62984.pt
WLASL/videos/62971.mp4,what,92,features_cache/62971.pt
WLASL/videos/66769.mp4,what,92,features_cache/66769.pt
WLASL/videos/67057.mp4,what,92,features_cache/67057.pt
WLASL/videos/62986.mp4,what,92,features_cache/62986.pt
WLASL/videos/62973.mp4,what,92,features_cache/62973.pt
WLASL/videos/62964.mp4,what,92,features_cache/62964.pt
WLASL/videos/67058.mp4,what,92,features_cache/67058.pt
WLASL/videos/62979.mp4,what,92,features_cache/62979.pt
WLASL/videos/62966.mp4,what,92,features_cache/62966.pt
WLASL/videos/63679.mp4,woman,95,features_cache/63679.pt
WLASL/videos/63665.mp4,woman,95,features_cache/63665.pt
WLASL/videos/63666.mp4,woman,95,features_cache/63666.pt
WLASL/videos/63667.mp4,woman,95,features_cache/63667.pt
WLASL/videos/63668.mp4,woman,95,features_cache/63668.pt
WLASL/videos/63670.mp4,woman,95,features_cache/63670.pt
WLASL/videos/63671.mp4,woman,95,features_cache/63671.pt
WLASL/videos/63672.mp4,woman,95,features_cache/63672.pt
WLASL/videos/63673.mp4,woman,95,features_cache/63673.pt
WLASL/videos/66798.mp4,woman,95,features_cache/66798.pt
WLASL/videos/66799.mp4,woman,95,features_cache/66799.pt
WLASL/videos/67078.mp4,woman,95,features_cache/67078.pt
WLASL/videos/63676.mp4,woman,95,features_cache/63676.pt
WLASL/videos/63677.mp4,woman,95,features_cache/63677.pt
WLASL/videos/63678.mp4,woman,95,features_cache/63678.pt
WLASL/videos/05644.mp4,bed,5,features_cache/05644.pt
WLASL/videos/05629.mp4,bed,5,features_cache/05629.pt
WLASL/videos/05630.mp4,bed,5,features_cache/05630.pt
WLASL/videos/05631.mp4,bed,5,features_cache/05631.pt
WLASL/videos/05632.mp4,bed,5,features_cache/05632.pt
WLASL/videos/05633.mp4,bed,5,features_cache/05633.pt
WLASL/videos/05634.mp4,bed,5,features_cache/05634.pt
WLASL/videos/05635.mp4,bed,5,features_cache/05635.pt
WLASL/videos/05636.mp4,bed,5,features_cache/05636.pt
WLASL/videos/65162.mp4,bed,5,features_cache/65162.pt
WLASL/videos/05637.mp4,bed,5,features_cache/05637.pt
WLASL/videos/65161.mp4,bed,5,features_cache/65161.pt
WLASL/videos/05638.mp4,bed,5,features_cache/05638.pt
WLASL/videos/05641.mp4,bed,5,features_cache/05641.pt
WLASL/videos/05642.mp4,bed,5,features_cache/05642.pt
WLASL/videos/68274.mp4,blue,10,features_cache/68274.pt
WLASL/videos/68010.mp4,blue,10,features_cache/68010.pt
WLASL/videos/06835.mp4,blue,10,features_cache/06835.pt
WLASL/videos/06836.mp4,blue,10,features_cache/06836.pt
WLASL/videos/06837.mp4,blue,10,features_cache/06837.pt
WLASL/videos/06838.mp4,blue,10,features_cache/06838.pt
WLASL/videos/06839.mp4,blue,10,features_cache/06839.pt
WLASL/videos/06840.mp4,blue,10,features_cache/06840.pt
WLASL/videos/06841.mp4,blue,10,features_cache/06841.pt
WLASL/videos/65216.mp4,blue,10,features_cache/65216.pt
WLASL/videos/06832.mp4,blue,10,features_cache/06832.pt
WLASL/videos/06842.mp4,blue,10,features_cache/06842.pt
WLASL/videos/06844.mp4,blue,10,features_cache/06844.pt
WLASL/videos/06833.mp4,blue,10,features_cache/06833.pt
WLASL/videos/06834.mp4,blue,10,features_cache/06834.pt
WLASL/videos/07389.mp4,bowling,12,features_cache/07389.pt
WLASL/videos/07390.mp4,bowling,12,features_cache/07390.pt
WLASL/videos/07391.mp4,bowling,12,features_cache/07391.pt
WLASL/videos/07392.mp4,bowling,12,features_cache/07392.pt
WLASL/videos/07393.mp4,bowling,12,features_cache/07393.pt
WLASL/videos/07394.mp4,bowling,12,features_cache/07394.pt
WLASL/videos/07395.mp4,bowling,12,features_cache/07395.pt
WLASL/videos/07396.mp4,bowling,12,features_cache/07396.pt
WLASL/videos/07397.mp4,bowling,12,features_cache/07397.pt
WLASL/videos/65242.mp4,bowling,12,features_cache/65242.pt
WLASL/videos/65241.mp4,bowling,12,features_cache/65241.pt
WLASL/videos/67431.mp4,bowling,12,features_cache/67431.pt
WLASL/videos/07399.mp4,bowling,12,features_cache/07399.pt
WLASL/videos/07401.mp4,bowling,12,features_cache/07401.pt
WLASL/videos/07402.mp4,bowling,12,features_cache/07402.pt
WLASL/videos/08950.mp4,can,15,features_cache/08950.pt
WLASL/videos/08951.mp4,can,15,features_cache/08951.pt
WLASL/videos/08952.mp4,can,15,features_cache/08952.pt
WLASL/videos/08953.mp4,can,15,features_cache/08953.pt
WLASL/videos/08955.mp4,can,15,features_cache/08955.pt
WLASL/videos/08935.mp4,can,15,features_cache/08935.pt
WLASL/videos/08936.mp4,can,15,features_cache/08936.pt
WLASL/videos/08937.mp4,can,15,features_cache/08937.pt
WLASL/videos/08938.mp4,can,15,features_cache/08938.pt
WLASL/videos/08939.mp4,can,15,features_cache/08939.pt
WLASL/videos/08942.mp4,can,15,features_cache/08942.pt
WLASL/videos/08944.mp4,can,15,features_cache/08944.pt
WLASL/videos/08946.mp4,can,15,features_cache/08946.pt
WLASL/videos/08948.mp4,can,15,features_cache/08948.pt
WLASL/videos/08949.mp4,can,15,features_cache/08949.pt
WLASL/videos/17076.mp4,dog,34,features_cache/17076.pt
WLASL/videos/69298.mp4,dog,34,features_cache/69298.pt
WLASL/videos/68632.mp4,dog,34,features_cache/68632.pt
WLASL/videos/17084.mp4,dog,34,features_cache/17084.pt
WLASL/videos/17085.mp4,dog,34,features_cache/17085.pt
WLASL/videos/17086.mp4,dog,34,features_cache/17086.pt
WLASL/videos/17087.mp4,dog,34,features_cache/17087.pt
WLASL/videos/17088.mp4,dog,34,features_cache/17088.pt
WLASL/videos/17090.mp4,dog,34,features_cache/17090.pt
WLASL/videos/17091.mp4,dog,34,features_cache/17091.pt
WLASL/videos/17092.mp4,dog,34,features_cache/17092.pt
WLASL/videos/65507.mp4,dog,34,features_cache/65507.pt
WLASL/videos/17093.mp4,dog,34,features_cache/17093.pt
WLASL/videos/17095.mp4,dog,34,features_cache/17095.pt
WLASL/videos/69016.mp4,family,38,features_cache/69016.pt
WLASL/videos/20980.mp4,family,38,features_cache/20980.pt
WLASL/videos/20981.mp4,family,38,features_cache/20981.pt
WLASL/videos/20982.mp4,family,38,features_cache/20982.pt
WLASL/videos/20983.mp4,family,38,features_cache/20983.pt
WLASL/videos/20984.mp4,family,38,features_cache/20984.pt
WLASL/videos/20985.mp4,family,38,features_cache/20985.pt
WLASL/videos/20986.mp4,family,38,features_cache/20986.pt
WLASL/videos/20987.mp4,family,38,features_cache/20987.pt
WLASL/videos/65677.mp4,family,38,features_cache/65677.pt
WLASL/videos/20978.mp4,family,38,features_cache/20978.pt
WLASL/videos/20988.mp4,family,38,features_cache/20988.pt
WLASL/videos/20990.mp4,family,38,features_cache/20990.pt
WLASL/videos/20992.mp4,family,38,features_cache/20992.pt
WLASL/videos/20979.mp4,family,38,features_cache/20979.pt
WLASL/videos/69325.mp4,fish,41,features_cache/69325.pt
WLASL/videos/22129.mp4,fish,41,features_cache/22129.pt
WLASL/videos/22130.mp4,fish,41,features_cache/22130.pt
WLASL/videos/22115.mp4,fish,41,features_cache/22115.pt
WLASL/videos/22116.mp4,fish,41,features_cache/22116.pt
WLASL/videos/22118.mp4,fish,41,features_cache/22118.pt
WLASL/videos/22119.mp4,fish,41,features_cache/22119.pt
WLASL/videos/22120.mp4,fish,41,features_cache/22120.pt
WLASL/videos/22121.mp4,fish,41,features_cache/22121.pt
WLASL/videos/65731.mp4,fish,41,features_cache/65731.pt
WLASL/videos/22124.mp4,fish,41,features_cache/22124.pt
WLASL/videos/22125.mp4,fish,41,features_cache/22125.pt
WLASL/videos/22127.mp4,fish,41,features_cache/22127.pt
WLASL/videos/68528.mp4,graduate,46,features_cache/68528.pt
WLASL/videos/25337.mp4,graduate,46,features_cache/25337.pt
WLASL/videos/25338.mp4,graduate,46,features_cache/25338.pt
WLASL/videos/25339.mp4,graduate,46,features_cache/25339.pt
WLASL/videos/25322.mp4,graduate,46,features_cache/25322.pt
WLASL/videos/25323.mp4,graduate,46,features_cache/25323.pt
WLASL/videos/25324.mp4,graduate,46,features_cache/25324.pt
WLASL/videos/25325.mp4,graduate,46,features_cache/25325.pt
WLASL/videos/25326.mp4,graduate,46,features_cache/25326.pt
WLASL/videos/25327.mp4,graduate,46,features_cache/25327.pt
WLASL/videos/25328.mp4,graduate,46,features_cache/25328.pt
WLASL/videos/25329.mp4,graduate,46,features_cache/25329.pt
WLASL/videos/25321.mp4,graduate,46,features_cache/25321.pt
WLASL/videos/25332.mp4,graduate,46,features_cache/25332.pt
WLASL/videos/25333.mp4,graduate,46,features_cache/25333.pt
WLASL/videos/68396.mp4,hat,47,features_cache/68396.pt
WLASL/videos/68068.mp4,hat,47,features_cache/68068.pt
WLASL/videos/26713.mp4,hat,47,features_cache/26713.pt
WLASL/videos/26736.mp4,hat,47,features_cache/26736.pt
WLASL/videos/26712.mp4,hat,47,features_cache/26712.pt
WLASL/videos/26739.mp4,hat,47,features_cache/26739.pt
WLASL/videos/26741.mp4,hat,47,features_cache/26741.pt
WLASL/videos/26714.mp4,hat,47,features_cache/26714.pt
WLASL/videos/26715.mp4,hat,47,features_cache/26715.pt
WLASL/videos/26716.mp4,hat,47,features_cache/26716.pt
WLASL/videos/26717.mp4,hat,47,features_cache/26717.pt
WLASL/videos/26719.mp4,hat,47,features_cache/26719.pt
WLASL/videos/26722.mp4,hat,47,features_cache/26722.pt
WLASL/videos/26724.mp4,hat,47,features_cache/26724.pt
WLASL/videos/26726.mp4,hat,47,features_cache/26726.pt
WLASL/videos/68350.mp4,hearing,48,features_cache/68350.pt
WLASL/videos/68070.mp4,hearing,48,features_cache/68070.pt
WLASL/videos/26972.mp4,hearing,48,features_cache/26972.pt
WLASL/videos/26973.mp4,hearing,48,features_cache/26973.pt
WLASL/videos/26974.mp4,hearing,48,features_cache/26974.pt
WLASL/videos/26975.mp4,hearing,48,features_cache/26975.pt
WLASL/videos/26976.mp4,hearing,48,features_cache/26976.pt
WLASL/videos/26977.mp4,hearing,48,features_cache/26977.pt
WLASL/videos/26978.mp4,hearing,48,features_cache/26978.pt
WLASL/videos/26971.mp4,hearing,48,features_cache/26971.pt
WLASL/videos/26980.mp4,hearing,48,features_cache/26980.pt
WLASL/videos/26981.mp4,hearing,48,features_cache/26981.pt
WLASL/videos/26983.mp4,hearing,48,features_cache/26983.pt
WLASL/videos/26985.mp4,hearing,48,features_cache/26985.pt
WLASL/videos/26986.mp4,hearing,48,features_cache/26986.pt
WLASL/videos/31765.mp4,kiss,53,features_cache/31765.pt
WLASL/videos/31766.mp4,kiss,53,features_cache/31766.pt
WLASL/videos/31767.mp4,kiss,53,features_cache/31767.pt
WLASL/videos/31752.mp4,kiss,53,features_cache/31752.pt
WLASL/videos/31753.mp4,kiss,53,features_cache/31753.pt
WLASL/videos/31754.mp4,kiss,53,features_cache/31754.pt
WLASL/videos/31755.mp4,kiss,53,features_cache/31755.pt
WLASL/videos/31756.mp4,kiss,53,features_cache/31756.pt
WLASL/videos/65996.mp4,kiss,53,features_cache/65996.pt
WLASL/videos/67817.mp4,kiss,53,features_cache/67817.pt
WLASL/videos/31762.mp4,kiss,53,features_cache/31762.pt
WLASL/videos/31763.mp4,kiss,53,features_cache/31763.pt
WLASL/videos/31764.mp4,kiss,53,features_cache/31764.pt
WLASL/videos/32146.mp4,language,54,features_cache/32146.pt
WLASL/videos/68084.mp4,language,54,features_cache/68084.pt
WLASL/videos/68085.mp4,language,54,features_cache/68085.pt
WLASL/videos/32158.mp4,language,54,features_cache/32158.pt
WLASL/videos/32160.mp4,language,54,features_cache/32160.pt
WLASL/videos/32161.mp4,language,54,features_cache/32161.pt
WLASL/videos/32162.mp4,language,54,features_cache/32162.pt
WLASL/videos/32163.mp4,language,54,features_cache/32163.pt
WLASL/videos/66008.mp4,language,54,features_cache/66008.pt
WLASL/videos/66007.mp4,language,54,features_cache/66007.pt
WLASL/videos/32164.mp4,language,54,features_cache/32164.pt
WLASL/videos/32165.mp4,language,54,features_cache/32165.pt
WLASL/videos/32155.mp4,language,54,features_cache/32155.pt
WLASL/videos/32319.mp4,later,56,features_cache/32319.pt
WLASL/videos/32335.mp4,later,56,features_cache/32335.pt
WLASL/videos/32336.mp4,later,56,features_cache/32336.pt
WLASL/videos/32337.mp4,later,56,features_cache/32337.pt
WLASL/videos/32338.mp4,later,56,features_cache/32338.pt
WLASL/videos/32321.mp4,later,56,features_cache/32321.pt
WLASL/videos/32322.mp4,later,56,features_cache/32322.pt
WLASL/videos/32324.mp4,later,56,features_cache/32324.pt
WLASL/videos/32326.mp4,later,56,features_cache/32326.pt
WLASL/videos/32327.mp4,later,56,features_cache/32327.pt
WLASL/videos/32328.mp4,later,56,features_cache/32328.pt
WLASL/videos/66014.mp4,later,56,features_cache/66014.pt
WLASL/videos/32333.mp4,later,56,features_cache/32333.pt
WLASL/videos/32334.mp4,later,56,features_cache/32334.pt
WLASL/videos/68794.mp4,man,59,features_cache/68794.pt
WLASL/videos/34746.mp4,man,59,features_cache/34746.pt
WLASL/videos/34733.mp4,man,59,features_cache/34733.pt
WLASL/videos/34734.mp4,man,59,features_cache/34734.pt
WLASL/videos/34736.mp4,man,59,features_cache/34736.pt
WLASL/videos/34737.mp4,man,59,features_cache/34737.pt
WLASL/videos/34738.mp4,man,59,features_cache/34738.pt
WLASL/videos/34739.mp4,man,59,features_cache/34739.pt
WLASL/videos/34741.mp4,man,59,features_cache/34741.pt
WLASL/videos/66098.mp4,man,59,features_cache/66098.pt
WLASL/videos/66099.mp4,man,59,features_cache/66099.pt
WLASL/videos/34732.mp4,man,59,features_cache/34732.pt
WLASL/videos/34742.mp4,man,59,features_cache/34742.pt
WLASL/videos/34744.mp4,man,59,features_cache/34744.pt
WLASL/videos/34745.mp4,man,59,features_cache/34745.pt
WLASL/videos/51054.mp4,shirt,79,features_cache/51054.pt
WLASL/videos/68928.mp4,shirt,79,features_cache/68928.pt
WLASL/videos/51057.mp4,shirt,79,features_cache/51057.pt
WLASL/videos/51056.mp4,shirt,79,features_cache/51056.pt
WLASL/videos/51058.mp4,shirt,79,features_cache/51058.pt
WLASL/videos/51059.mp4,shirt,79,features_cache/51059.pt
WLASL/videos/51060.mp4,shirt,79,features_cache/51060.pt
WLASL/videos/51061.mp4,shirt,79,features_cache/51061.pt
WLASL/videos/51063.mp4,shirt,79,features_cache/51063.pt
WLASL/videos/51064.mp4,shirt,79,features_cache/51064.pt
WLASL/videos/67188.mp4,shirt,79,features_cache/67188.pt
WLASL/videos/51069.mp4,shirt,79,features_cache/51069.pt
WLASL/videos/51070.mp4,shirt,79,features_cache/51070.pt
WLASL/videos/51072.mp4,shirt,79,features_cache/51072.pt
WLASL/videos/68162.mp4,study,82,features_cache/68162.pt
WLASL/videos/68624.mp4,study,82,features_cache/68624.pt
WLASL/videos/55364.mp4,study,82,features_cache/55364.pt
WLASL/videos/55365.mp4,study,82,features_cache/55365.pt
WLASL/videos/55366.mp4,study,82,features_cache/55366.pt
WLASL/videos/55367.mp4,study,82,features_cache/55367.pt
WLASL/videos/55368.mp4,study,82,features_cache/55368.pt
WLASL/videos/55369.mp4,study,82,features_cache/55369.pt
WLASL/videos/55370.mp4,study,82,features_cache/55370.pt
WLASL/videos/66575.mp4,study,82,features_cache/66575.pt
WLASL/videos/55361.mp4,study,82,features_cache/55361.pt
WLASL/videos/55372.mp4,study,82,features_cache/55372.pt
WLASL/videos/55374.mp4,study,82,features_cache/55374.pt
WLASL/videos/55362.mp4,study,82,features_cache/55362.pt
WLASL/videos/55363.mp4,study,82,features_cache/55363.pt
WLASL/videos/56851.mp4,tall,84,features_cache/56851.pt
WLASL/videos/56852.mp4,tall,84,features_cache/56852.pt
WLASL/videos/56838.mp4,tall,84,features_cache/56838.pt
WLASL/videos/56839.mp4,tall,84,features_cache/56839.pt
WLASL/videos/56841.mp4,tall,84,features_cache/56841.pt
WLASL/videos/56842.mp4,tall,84,features_cache/56842.pt
WLASL/videos/56844.mp4,tall,84,features_cache/56844.pt
WLASL/videos/56846.mp4,tall,84,features_cache/56846.pt
WLASL/videos/66592.mp4,tall,84,features_cache/66592.pt
WLASL/videos/56837.mp4,tall,84,features_cache/56837.pt
WLASL/videos/67279.mp4,tall,84,features_cache/67279.pt
WLASL/videos/56848.mp4,tall,84,features_cache/56848.pt
WLASL/videos/56849.mp4,tall,84,features_cache/56849.pt
WLASL/videos/68622.mp4,white,93,features_cache/68622.pt
WLASL/videos/68182.mp4,white,93,features_cache/68182.pt
WLASL/videos/70245.mp4,white,93,features_cache/70245.pt
WLASL/videos/63204.mp4,white,93,features_cache/63204.pt
WLASL/videos/63205.mp4,white,93,features_cache/63205.pt
WLASL/videos/63206.mp4,white,93,features_cache/63206.pt
WLASL/videos/63207.mp4,white,93,features_cache/63207.pt
WLASL/videos/63208.mp4,white,93,features_cache/63208.pt
WLASL/videos/63209.mp4,white,93,features_cache/63209.pt
WLASL/videos/63200.mp4,white,93,features_cache/63200.pt
WLASL/videos/63210.mp4,white,93,features_cache/63210.pt
WLASL/videos/63212.mp4,white,93,features_cache/63212.pt
WLASL/videos/63214.mp4,white,93,features_cache/63214.pt
WLASL/videos/63202.mp4,white,93,features_cache/63202.pt
WLASL/videos/63203.mp4,white,93,features_cache/63203.pt
WLASL/videos/70296.mp4,wrong,97,features_cache/70296.pt
WLASL/videos/70132.mp4,wrong,97,features_cache/70132.pt
WLASL/videos/64087.mp4,wrong,97,features_cache/64087.pt
WLASL/videos/64088.mp4,wrong,97,features_cache/64088.pt
WLASL/videos/64089.mp4,wrong,97,features_cache/64089.pt
WLASL/videos/64090.mp4,wrong,97,features_cache/64090.pt
WLASL/videos/64091.mp4,wrong,97,features_cache/64091.pt
WLASL/videos/64092.mp4,wrong,97,features_cache/64092.pt
WLASL/videos/64093.mp4,wrong,97,features_cache/64093.pt
WLASL/videos/64084.mp4,wrong,97,features_cache/64084.pt
WLASL/videos/67009.mp4,wrong,97,features_cache/67009.pt
WLASL/videos/64094.mp4,wrong,97,features_cache/64094.pt
WLASL/videos/64096.mp4,wrong,97,features_cache/64096.pt
WLASL/videos/64085.mp4,wrong,97,features_cache/64085.pt
WLASL/videos/64086.mp4,wrong,97,features_cache/64086.pt
WLASL/videos/00618.mp4,accident,0,features_cache/00618.pt
WLASL/videos/00639.mp4,accident,0,features_cache/00639.pt
WLASL/videos/00624.mp4,accident,0,features_cache/00624.pt
WLASL/videos/00628.mp4,accident,0,features_cache/00628.pt
WLASL/videos/00629.mp4,accident,0,features_cache/00629.pt
WLASL/videos/00630.mp4,accident,0,features_cache/00630.pt
WLASL/videos/00631.mp4,accident,0,features_cache/00631.pt
WLASL/videos/00632.mp4,accident,0,features_cache/00632.pt
WLASL/videos/65009.mp4,accident,0,features_cache/65009.pt
WLASL/videos/00623.mp4,accident,0,features_cache/00623.pt
WLASL/videos/00633.mp4,accident,0,features_cache/00633.pt
WLASL/videos/00636.mp4,accident,0,features_cache/00636.pt
WLASL/videos/00638.mp4,accident,0,features_cache/00638.pt
WLASL/videos/68003.mp4,apple,3,features_cache/68003.pt
WLASL/videos/68576.mp4,apple,3,features_cache/68576.pt
WLASL/videos/70309.mp4,apple,3,features_cache/70309.pt
WLASL/videos/03005.mp4,apple,3,features_cache/03005.pt
WLASL/videos/03006.mp4,apple,3,features_cache/03006.pt
WLASL/videos/03007.mp4,apple,3,features_cache/03007.pt
WLASL/videos/03008.mp4,apple,3,features_cache/03008.pt
WLASL/videos/65085.mp4,apple,3,features_cache/65085.pt
WLASL/videos/65084.mp4,apple,3,features_cache/65084.pt
WLASL/videos/67367.mp4,apple,3,features_cache/67367.pt
WLASL/videos/03000.mp4,apple,3,features_cache/03000.pt
WLASL/videos/03001.mp4,apple,3,features_cache/03001.pt
WLASL/videos/03002.mp4,apple,3,features_cache/03002.pt
WLASL/videos/03003.mp4,apple,3,features_cache/03003.pt
WLASL/videos/70107.mp4,bird,7,features_cache/70107.pt
WLASL/videos/06333.mp4,bird,7,features_cache/06333.pt
WLASL/videos/06334.mp4,bird,7,features_cache/06334.pt
WLASL/videos/06336.mp4,bird,7,features_cache/06336.pt
WLASL/videos/06337.mp4,bird,7,features_cache/06337.pt
WLASL/videos/06338.mp4,bird,7,features_cache/06338.pt
WLASL/videos/06339.mp4,bird,7,features_cache/06339.pt
WLASL/videos/65187.mp4,bird,7,features_cache/65187.pt
WLASL/videos/67411.mp4,bird,7,features_cache/67411.pt
WLASL/videos/06341.mp4,bird,7,features_cache/06341.pt
WLASL/videos/06342.mp4,bird,7,features_cache/06342.pt
WLASL/videos/06343.mp4,bird,7,features_cache/06343.pt
WLASL/videos/06331.mp4,bird,7,features_cache/06331.pt
WLASL/videos/06332.mp4,bird,7,features_cache/06332.pt
WLASL/videos/09966.mp4,change,18,features_cache/09966.pt
WLASL/videos/09967.mp4,change,18,features_cache/09967.pt
WLASL/videos/09968.mp4,change,18,features_cache/09968.pt
WLASL/videos/09969.mp4,change,18,features_cache/09969.pt
WLASL/videos/09970.mp4,change,18,features_cache/09970.pt
WLASL/videos/09953.mp4,change,18,features_cache/09953.pt
WLASL/videos/09954.mp4,change,18,features_cache/09954.pt
WLASL/videos/65332.mp4,change,18,features_cache/65332.pt
WLASL/videos/09956.mp4,change,18,features_cache/09956.pt
WLASL/videos/09949.mp4,change,18,features_cache/09949.pt
WLASL/videos/09960.mp4,change,18,features_cache/09960.pt
WLASL/videos/09961.mp4,change,18,features_cache/09961.pt
WLASL/videos/09962.mp4,change,18,features_cache/09962.pt
WLASL/videos/09963.mp4,change,18,features_cache/09963.pt
WLASL/videos/68202.mp4,color,22,features_cache/68202.pt
WLASL/videos/68027.mp4,color,22,features_cache/68027.pt
WLASL/videos/11771.mp4,color,22,features_cache/11771.pt
WLASL/videos/11773.mp4,color,22,features_cache/11773.pt
WLASL/videos/11774.mp4,color,22,features_cache/11774.pt
WLASL/videos/11775.mp4,color,22,features_cache/11775.pt
WLASL/videos/11776.mp4,color,22,features_cache/11776.pt
WLASL/videos/11767.mp4,color,22,features_cache/11767.pt
WLASL/videos/11777.mp4,color,22,features_cache/11777.pt
WLASL/videos/11779.mp4,color,22,features_cache/11779.pt
WLASL/videos/11780.mp4,color,22,features_cache/11780.pt
WLASL/videos/11768.mp4,color,22,features_cache/11768.pt
WLASL/videos/11769.mp4,color,22,features_cache/11769.pt
WLASL/videos/11770.mp4,color,22,features_cache/11770.pt
WLASL/videos/69282.mp4,corn,26,features_cache/69282.pt
WLASL/videos/13337.mp4,corn,26,features_cache/13337.pt
WLASL/videos/13326.mp4,corn,26,features_cache/13326.pt
WLASL/videos/13327.mp4,corn,26,features_cache/13327.pt
WLASL/videos/13328.mp4,corn,26,features_cache/13328.pt
WLASL/videos/13329.mp4,corn,26,features_cache/13329.pt
WLASL/videos/13330.mp4,corn,26,features_cache/13330.pt
WLASL/videos/13331.mp4,corn,26,features_cache/13331.pt
WLASL/videos/65408.mp4,corn,26,features_cache/65408.pt
WLASL/videos/65409.mp4,corn,26,features_cache/65409.pt
WLASL/videos/13323.mp4,corn,26,features_cache/13323.pt
WLASL/videos/67531.mp4,corn,26,features_cache/67531.pt
WLASL/videos/13333.mp4,corn,26,features_cache/13333.pt
WLASL/videos/69283.mp4,cow,28,features_cache/69283.pt
WLASL/videos/13697.mp4,cow,28,features_cache/13697.pt
WLASL/videos/13699.mp4,cow,28,features_cache/13699.pt
WLASL/videos/13700.mp4,cow,28,features_cache/13700.pt
WLASL/videos/13701.mp4,cow,28,features_cache/13701.pt
WLASL/videos/13702.mp4,cow,28,features_cache/13702.pt
WLASL/videos/13704.mp4,cow,28,features_cache/13704.pt
WLASL/videos/13695.mp4,cow,28,features_cache/13695.pt
WLASL/videos/67536.mp4,cow,28,features_cache/67536.pt
WLASL/videos/13705.mp4,cow,28,features_cache/13705.pt
WLASL/videos/13706.mp4,cow,28,features_cache/13706.pt
WLASL/videos/13707.mp4,cow,28,features_cache/13707.pt
WLASL/videos/13709.mp4,cow,28,features_cache/13709.pt
WLASL/videos/70152.mp4,dance,29,features_cache/70152.pt
WLASL/videos/68988.mp4,dance,29,features_cache/68988.pt
WLASL/videos/69048.mp4,dance,29,features_cache/69048.pt
WLASL/videos/14627.mp4,dance,29,features_cache/14627.pt
WLASL/videos/14628.mp4,dance,29,features_cache/14628.pt
WLASL/videos/14629.mp4,dance,29,features_cache/14629.pt
WLASL/videos/14630.mp4,dance,29,features_cache/14630.pt
WLASL/videos/65434.mp4,dance,29,features_cache/65434.pt
WLASL/videos/14631.mp4,dance,29,features_cache/14631.pt
WLASL/videos/14633.mp4,dance,29,features_cache/14633.pt
WLASL/videos/14622.mp4,dance,29,features_cache/14622.pt
WLASL/videos/14623.mp4,dance,29,features_cache/14623.pt
WLASL/videos/14624.mp4,dance,29,features_cache/14624.pt
WLASL/videos/14625.mp4,dance,29,features_cache/14625.pt
WLASL/videos/69290.mp4,dark,30,features_cache/69290.pt
WLASL/videos/14674.mp4,dark,30,features_cache/14674.pt
WLASL/videos/14675.mp4,dark,30,features_cache/14675.pt
WLASL/videos/14676.mp4,dark,30,features_cache/14676.pt
WLASL/videos/14677.mp4,dark,30,features_cache/14677.pt
WLASL/videos/14678.mp4,dark,30,features_cache/14678.pt
WLASL/videos/14679.mp4,dark,30,features_cache/14679.pt
WLASL/videos/14680.mp4,dark,30,features_cache/14680.pt
WLASL/videos/65439.mp4,dark,30,features_cache/65439.pt
WLASL/videos/65440.mp4,dark,30,features_cache/65440.pt
WLASL/videos/14671.mp4,dark,30,features_cache/14671.pt
WLASL/videos/14681.mp4,dark,30,features_cache/14681.pt
WLASL/videos/14684.mp4,dark,30,features_cache/14684.pt
WLASL/videos/17007.mp4,doctor,33,features_cache/17007.pt
WLASL/videos/68842.mp4,doctor,33,features_cache/68842.pt
WLASL/videos/70049.mp4,doctor,33,features_cache/70049.pt
WLASL/videos/17015.mp4,doctor,33,features_cache/17015.pt
WLASL/videos/17017.mp4,doctor,33,features_cache/17017.pt
WLASL/videos/17018.mp4,doctor,33,features_cache/17018.pt
WLASL/videos/17019.mp4,doctor,33,features_cache/17019.pt
WLASL/videos/65503.mp4,doctor,33,features_cache/65503.pt
WLASL/videos/65504.mp4,doctor,33,features_cache/65504.pt
WLASL/videos/17013.mp4,doctor,33,features_cache/17013.pt
WLASL/videos/17025.mp4,doctor,33,features_cache/17025.pt
WLASL/videos/17026.mp4,doctor,33,features_cache/17026.pt
WLASL/videos/17014.mp4,doctor,33,features_cache/17014.pt
WLASL/videos/68520.mp4,eat,36,features_cache/68520.pt
WLASL/videos/68044.mp4,eat,36,features_cache/68044.pt
WLASL/videos/69086.mp4,eat,36,features_cache/69086.pt
WLASL/videos/18328.mp4,eat,36,features_cache/18328.pt
WLASL/videos/18329.mp4,eat,36,features_cache/18329.pt
WLASL/videos/18331.mp4,eat,36,features_cache/18331.pt
WLASL/videos/18332.mp4,eat,36,features_cache/18332.pt
WLASL/videos/65601.mp4,eat,36,features_cache/65601.pt
WLASL/videos/67610.mp4,eat,36,features_cache/67610.pt
WLASL/videos/18333.mp4,eat,36,features_cache/18333.pt
WLASL/videos/18334.mp4,eat,36,features_cache/18334.pt
WLASL/videos/18335.mp4,eat,36,features_cache/18335.pt
WLASL/videos/18324.mp4,eat,36,features_cache/18324.pt
WLASL/videos/18325.mp4,eat,36,features_cache/18325.pt
WLASL/videos/68046.mp4,enjoy,37,features_cache/68046.pt
WLASL/videos/70051.mp4,enjoy,37,features_cache/70051.pt
WLASL/videos/19261.mp4,enjoy,37,features_cache/19261.pt
WLASL/videos/19263.mp4,enjoy,37,features_cache/19263.pt
WLASL/videos/19264.mp4,enjoy,37,features_cache/19264.pt
WLASL/videos/19265.mp4,enjoy,37,features_cache/19265.pt
WLASL/videos/19266.mp4,enjoy,37,features_cache/19266.pt
WLASL/videos/65635.mp4,enjoy,37,features_cache/65635.pt
WLASL/videos/67624.mp4,enjoy,37,features_cache/67624.pt
WLASL/videos/19268.mp4,enjoy,37,features_cache/19268.pt
WLASL/videos/19269.mp4,enjoy,37,features_cache/19269.pt
WLASL/videos/19258.mp4,enjoy,37,features_cache/19258.pt
WLASL/videos/19259.mp4,enjoy,37,features_cache/19259.pt
WLASL/videos/19260.mp4,enjoy,37,features_cache/19260.pt
WLASL/videos/68692.mp4,forget,42,features_cache/68692.pt
WLASL/videos/68054.mp4,forget,42,features_cache/68054.pt
WLASL/videos/70376.mp4,forget,42,features_cache/70376.pt
WLASL/videos/22955.mp4,forget,42,features_cache/22955.pt
WLASL/videos/22956.mp4,forget,42,features_cache/22956.pt
WLASL/videos/22959.mp4,forget,42,features_cache/22959.pt
WLASL/videos/22960.mp4,forget,42,features_cache/22960.pt
WLASL/videos/22961.mp4,forget,42,features_cache/22961.pt
WLASL/videos/22963.mp4,forget,42,features_cache/22963.pt
WLASL/videos/22965.mp4,forget,42,features_cache/22965.pt
WLASL/videos/22966.mp4,forget,42,features_cache/22966.pt
WLASL/videos/22967.mp4,forget,42,features_cache/22967.pt
WLASL/videos/22952.mp4,forget,42,features_cache/22952.pt
WLASL/videos/22953.mp4,forget,42,features_cache/22953.pt
WLASL/videos/69343.mp4,give,44,features_cache/69343.pt
WLASL/videos/24655.mp4,give,44,features_cache/24655.pt
WLASL/videos/24656.mp4,give,44,features_cache/24656.pt
WLASL/videos/24657.mp4,give,44,features_cache/24657.pt
WLASL/videos/24659.mp4,give,44,features_cache/24659.pt
WLASL/videos/24660.mp4,give,44,features_cache/24660.pt
WLASL/videos/24638.mp4,give,44,features_cache/24638.pt
WLASL/videos/24640.mp4,give,44,features_cache/24640.pt
WLASL/videos/24643.mp4,give,44,features_cache/24643.pt
WLASL/videos/24645.mp4,give,44,features_cache/24645.pt
WLASL/videos/24648.mp4,give,44,features_cache/24648.pt
WLASL/videos/24651.mp4,give,44,features_cache/24651.pt
WLASL/videos/24652.mp4,give,44,features_cache/24652.pt
WLASL/videos/66010.mp4,last,55,features_cache/66010.pt
WLASL/videos/68086.mp4,last,55,features_cache/68086.pt
WLASL/videos/69068.mp4,last,55,features_cache/69068.pt
WLASL/videos/32248.mp4,last,55,features_cache/32248.pt
WLASL/videos/32249.mp4,last,55,features_cache/32249.pt
WLASL/videos/32250.mp4,last,55,features_cache/32250.pt
WLASL/videos/32251.mp4,last,55,features_cache/32251.pt
WLASL/videos/32252.mp4,last,55,features_cache/32252.pt
WLASL/videos/32254.mp4,last,55,features_cache/32254.pt
WLASL/videos/32257.mp4,last,55,features_cache/32257.pt
WLASL/videos/32259.mp4,last,55,features_cache/32259.pt
WLASL/videos/32260.mp4,last,55,features_cache/32260.pt
WLASL/videos/32261.mp4,last,55,features_cache/32261.pt
WLASL/videos/68974.mp4,meet,62,features_cache/68974.pt
WLASL/videos/35511.mp4,meet,62,features_cache/35511.pt
WLASL/videos/35512.mp4,meet,62,features_cache/35512.pt
WLASL/videos/35514.mp4,meet,62,features_cache/35514.pt
WLASL/videos/35515.mp4,meet,62,features_cache/35515.pt
WLASL/videos/35516.mp4,meet,62,features_cache/35516.pt
WLASL/videos/35517.mp4,meet,62,features_cache/35517.pt
WLASL/videos/35518.mp4,meet,62,features_cache/35518.pt
WLASL/videos/35509.mp4,meet,62,features_cache/35509.pt
WLASL/videos/35519.mp4,meet,62,features_cache/35519.pt
WLASL/videos/35520.mp4,meet,62,features_cache/35520.pt
WLASL/videos/35521.mp4,meet,62,features_cache/35521.pt
WLASL/videos/35522.mp4,meet,62,features_cache/35522.pt
WLASL/videos/35523.mp4,meet,62,features_cache/35523.pt
WLASL/videos/42827.mp4,pink,70,features_cache/42827.pt
WLASL/videos/69430.mp4,pink,70,features_cache/69430.pt
WLASL/videos/70246.mp4,pink,70,features_cache/70246.pt
WLASL/videos/42831.mp4,pink,70,features_cache/42831.pt
WLASL/videos/42832.mp4,pink,70,features_cache/42832.pt
WLASL/videos/42835.mp4,pink,70,features_cache/42835.pt
WLASL/videos/42836.mp4,pink,70,features_cache/42836.pt
WLASL/videos/42838.mp4,pink,70,features_cache/42838.pt
WLASL/videos/66296.mp4,pink,70,features_cache/66296.pt
WLASL/videos/42829.mp4,pink,70,features_cache/42829.pt
WLASL/videos/67990.mp4,pink,70,features_cache/67990.pt
WLASL/videos/42843.mp4,pink,70,features_cache/42843.pt
WLASL/videos/42830.mp4,pink,70,features_cache/42830.pt
WLASL/videos/42974.mp4,pizza,71,features_cache/42974.pt
WLASL/videos/42958.mp4,pizza,71,features_cache/42958.pt
WLASL/videos/42959.mp4,pizza,71,features_cache/42959.pt
WLASL/videos/42961.mp4,pizza,71,features_cache/42961.pt
WLASL/videos/66297.mp4,pizza,71,features_cache/66297.pt
WLASL/videos/42963.mp4,pizza,71,features_cache/42963.pt
WLASL/videos/42964.mp4,pizza,71,features_cache/42964.pt
WLASL/videos/42956.mp4,pizza,71,features_cache/42956.pt
WLASL/videos/42966.mp4,pizza,71,features_cache/42966.pt
WLASL/videos/42967.mp4,pizza,71,features_cache/42967.pt
WLASL/videos/42969.mp4,pizza,71,features_cache/42969.pt
WLASL/videos/42971.mp4,pizza,71,features_cache/42971.pt
WLASL/videos/42972.mp4,pizza,71,features_cache/42972.pt
WLASL/videos/68288.mp4,play,72,features_cache/68288.pt
WLASL/videos/68133.mp4,play,72,features_cache/68133.pt
WLASL/videos/43170.mp4,play,72,features_cache/43170.pt
WLASL/videos/43172.mp4,play,72,features_cache/43172.pt
WLASL/videos/43173.mp4,play,72,features_cache/43173.pt
WLASL/videos/43174.mp4,play,72,features_cache/43174.pt
WLASL/videos/43175.mp4,play,72,features_cache/43175.pt
WLASL/videos/67081.mp4,play,72,features_cache/67081.pt
WLASL/videos/43177.mp4,play,72,features_cache/43177.pt
WLASL/videos/43179.mp4,play,72,features_cache/43179.pt
WLASL/videos/43180.mp4,play,72,features_cache/43180.pt
WLASL/videos/43167.mp4,play,72,features_cache/43167.pt
WLASL/videos/43168.mp4,play,72,features_cache/43168.pt
WLASL/videos/43169.mp4,play,72,features_cache/43169.pt
WLASL/videos/68218.mp4,school,77,features_cache/68218.pt
WLASL/videos/68510.mp4,school,77,features_cache/68510.pt
WLASL/videos/70207.mp4,school,77,features_cache/70207.pt
WLASL/videos/49601.mp4,school,77,features_cache/49601.pt
WLASL/videos/49602.mp4,school,77,features_cache/49602.pt
WLASL/videos/49603.mp4,school,77,features_cache/49603.pt
WLASL/videos/49604.mp4,school,77,features_cache/49604.pt
WLASL/videos/49595.mp4,school,77,features_cache/49595.pt
WLASL/videos/49605.mp4,school,77,features_cache/49605.pt
WLASL/videos/49596.mp4,school,77,features_cache/49596.pt
WLASL/videos/49597.mp4,school,77,features_cache/49597.pt
WLASL/videos/49598.mp4,school,77,features_cache/49598.pt
WLASL/videos/49599.mp4,school,77,features_cache/49599.pt
WLASL/videos/49600.mp4,school,77,features_cache/49600.pt
WLASL/videos/50037.mp4,secretary,78,features_cache/50037.pt
WLASL/videos/50038.mp4,secretary,78,features_cache/50038.pt
WLASL/videos/50039.mp4,secretary,78,features_cache/50039.pt
WLASL/videos/50040.mp4,secretary,78,features_cache/50040.pt
WLASL/videos/50042.mp4,secretary,78,features_cache/50042.pt
WLASL/videos/50043.mp4,secretary,78,features_cache/50043.pt
WLASL/videos/50044.mp4,secretary,78,features_cache/50044.pt
WLASL/videos/50045.mp4,secretary,78,features_cache/50045.pt
WLASL/videos/66441.mp4,secretary,78,features_cache/66441.pt
WLASL/videos/50046.mp4,secretary,78,features_cache/50046.pt
WLASL/videos/50047.mp4,secretary,78,features_cache/50047.pt
WLASL/videos/50048.mp4,secretary,78,features_cache/50048.pt
WLASL/videos/50049.mp4,secretary,78,features_cache/50049.pt
WLASL/videos/51206.mp4,short,80,features_cache/51206.pt
WLASL/videos/70355.mp4,short,80,features_cache/70355.pt
WLASL/videos/51221.mp4,short,80,features_cache/51221.pt
WLASL/videos/51223.mp4,short,80,features_cache/51223.pt
WLASL/videos/51225.mp4,short,80,features_cache/51225.pt
WLASL/videos/51226.mp4,short,80,features_cache/51226.pt
WLASL/videos/51228.mp4,short,80,features_cache/51228.pt
WLASL/videos/51229.mp4,short,80,features_cache/51229.pt
WLASL/videos/66469.mp4,short,80,features_cache/66469.pt
WLASL/videos/51231.mp4,short,80,features_cache/51231.pt
WLASL/videos/51232.mp4,short,80,features_cache/51232.pt
WLASL/videos/51235.mp4,short,80,features_cache/51235.pt
WLASL/videos/51236.mp4,short,80,features_cache/51236.pt
WLASL/videos/68294.mp4,time,89,features_cache/68294.pt
WLASL/videos/70356.mp4,time,89,features_cache/70356.pt
WLASL/videos/68171.mp4,time,89,features_cache/68171.pt
WLASL/videos/58503.mp4,time,89,features_cache/58503.pt
WLASL/videos/58504.mp4,time,89,features_cache/58504.pt
WLASL/videos/58505.mp4,time,89,features_cache/58505.pt
WLASL/videos/58506.mp4,time,89,features_cache/58506.pt
WLASL/videos/66644.mp4,time,89,features_cache/66644.pt
WLASL/videos/67309.mp4,time,89,features_cache/67309.pt
WLASL/videos/58508.mp4,time,89,features_cache/58508.pt
WLASL/videos/58498.mp4,time,89,features_cache/58498.pt
WLASL/videos/58499.mp4,time,89,features_cache/58499.pt
WLASL/videos/58500.mp4,time,89,features_cache/58500.pt
WLASL/videos/58501.mp4,time,89,features_cache/58501.pt
WLASL/videos/68178.mp4,want,91,features_cache/68178.pt
WLASL/videos/68540.mp4,want,91,features_cache/68540.pt
WLASL/videos/62246.mp4,want,91,features_cache/62246.pt
WLASL/videos/62248.mp4,want,91,features_cache/62248.pt
WLASL/videos/62249.mp4,want,91,features_cache/62249.pt
WLASL/videos/62250.mp4,want,91,features_cache/62250.pt
WLASL/videos/62251.mp4,want,91,features_cache/62251.pt
WLASL/videos/62253.mp4,want,91,features_cache/62253.pt
WLASL/videos/67038.mp4,want,91,features_cache/67038.pt
WLASL/videos/62256.mp4,want,91,features_cache/62256.pt
WLASL/videos/62257.mp4,want,91,features_cache/62257.pt
WLASL/videos/62258.mp4,want,91,features_cache/62258.pt
WLASL/videos/62259.mp4,want,91,features_cache/62259.pt
WLASL/videos/62245.mp4,want,91,features_cache/62245.pt
WLASL/videos/63804.mp4,work,96,features_cache/63804.pt
WLASL/videos/63805.mp4,work,96,features_cache/63805.pt
WLASL/videos/63806.mp4,work,96,features_cache/63806.pt
WLASL/videos/63790.mp4,work,96,features_cache/63790.pt
WLASL/videos/63791.mp4,work,96,features_cache/63791.pt
WLASL/videos/63792.mp4,work,96,features_cache/63792.pt
WLASL/videos/63793.mp4,work,96,features_cache/63793.pt
WLASL/videos/63794.mp4,work,96,features_cache/63794.pt
WLASL/videos/66804.mp4,work,96,features_cache/66804.pt
WLASL/videos/67003.mp4,work,96,features_cache/67003.pt
WLASL/videos/63799.mp4,work,96,features_cache/63799.pt
WLASL/videos/63801.mp4,work,96,features_cache/63801.pt
WLASL/videos/63802.mp4,work,96,features_cache/63802.pt
WLASL/videos/63803.mp4,work,96,features_cache/63803.pt
WLASL/videos/01383.mp4,africa,1,features_cache/01383.pt
WLASL/videos/01384.mp4,africa,1,features_cache/01384.pt
WLASL/videos/01385.mp4,africa,1,features_cache/01385.pt
WLASL/videos/01387.mp4,africa,1,features_cache/01387.pt
WLASL/videos/01388.mp4,africa,1,features_cache/01388.pt
WLASL/videos/01390.mp4,africa,1,features_cache/01390.pt
WLASL/videos/65029.mp4,africa,1,features_cache/65029.pt
WLASL/videos/67350.mp4,africa,1,features_cache/67350.pt
WLASL/videos/01392.mp4,africa,1,features_cache/01392.pt
WLASL/videos/01393.mp4,africa,1,features_cache/01393.pt
WLASL/videos/01395.mp4,africa,1,features_cache/01395.pt
WLASL/videos/01396.mp4,africa,1,features_cache/01396.pt
WLASL/videos/68612.mp4,basketball,4,features_cache/68612.pt
WLASL/videos/05230.mp4,basketball,4,features_cache/05230.pt
WLASL/videos/05231.mp4,basketball,4,features_cache/05231.pt
WLASL/videos/05233.mp4,basketball,4,features_cache/05233.pt
WLASL/videos/05234.mp4,basketball,4,features_cache/05234.pt
WLASL/videos/05237.mp4,basketball,4,features_cache/05237.pt
WLASL/videos/05238.mp4,basketball,4,features_cache/05238.pt
WLASL/videos/65144.mp4,basketball,4,features_cache/65144.pt
WLASL/videos/65145.mp4,basketball,4,features_cache/65145.pt
WLASL/videos/05229.mp4,basketball,4,features_cache/05229.pt
WLASL/videos/67392.mp4,basketball,4,features_cache/67392.pt
WLASL/videos/05241.mp4,basketball,4,features_cache/05241.pt
WLASL/videos/05243.mp4,basketball,4,features_cache/05243.pt
WLASL/videos/65192.mp4,birthday,8,features_cache/65192.pt
WLASL/videos/68338.mp4,birthday,8,features_cache/68338.pt
WLASL/videos/70357.mp4,birthday,8,features_cache/70357.pt
WLASL/videos/70359.mp4,birthday,8,features_cache/70359.pt
WLASL/videos/06365.mp4,birthday,8,features_cache/06365.pt
WLASL/videos/06367.mp4,birthday,8,features_cache/06367.pt
WLASL/videos/06368.mp4,birthday,8,features_cache/06368.pt
WLASL/videos/06359.mp4,birthday,8,features_cache/06359.pt
WLASL/videos/67413.mp4,birthday,8,features_cache/67413.pt
WLASL/videos/06371.mp4,birthday,8,features_cache/06371.pt
WLASL/videos/06361.mp4,birthday,8,features_cache/06361.pt
WLASL/videos/06363.mp4,birthday,8,features_cache/06363.pt
WLASL/videos/70242.mp4,brown,13,features_cache/70242.pt
WLASL/videos/69028.mp4,brown,13,features_cache/69028.pt
WLASL/videos/07963.mp4,brown,13,features_cache/07963.pt
WLASL/videos/07966.mp4,brown,13,features_cache/07966.pt
WLASL/videos/07967.mp4,brown,13,features_cache/07967.pt
WLASL/videos/07969.mp4,brown,13,features_cache/07969.pt
WLASL/videos/65263.mp4,brown,13,features_cache/65263.pt
WLASL/videos/07960.mp4,brown,13,features_cache/07960.pt
WLASL/videos/67446.mp4,brown,13,features_cache/67446.pt
WLASL/videos/07971.mp4,brown,13,features_cache/07971.pt
WLASL/videos/07972.mp4,brown,13,features_cache/07972.pt
WLASL/videos/07961.mp4,brown,13,features_cache/07961.pt
WLASL/videos/07962.mp4,brown,13,features_cache/07962.pt
WLASL/videos/68368.mp4,but,14,features_cache/68368.pt
WLASL/videos/68016.mp4,but,14,features_cache/68016.pt
WLASL/videos/08427.mp4,but,14,features_cache/08427.pt
WLASL/videos/08428.mp4,but,14,features_cache/08428.pt
WLASL/videos/08431.mp4,but,14,features_cache/08431.pt
WLASL/videos/08433.mp4,but,14,features_cache/08433.pt
WLASL/videos/65278.mp4,but,14,features_cache/65278.pt
WLASL/videos/08424.mp4,but,14,features_cache/08424.pt
WLASL/videos/67451.mp4,but,14,features_cache/67451.pt
WLASL/videos/08434.mp4,but,14,features_cache/08434.pt
WLASL/videos/08435.mp4,but,14,features_cache/08435.pt
WLASL/videos/08437.mp4,but,14,features_cache/08437.pt
WLASL/videos/10146.mp4,cheat,19,features_cache/10146.pt
WLASL/videos/10161.mp4,cheat,19,features_cache/10161.pt
WLASL/videos/10162.mp4,cheat,19,features_cache/10162.pt
WLASL/videos/10164.mp4,cheat,19,features_cache/10164.pt
WLASL/videos/10147.mp4,cheat,19,features_cache/10147.pt
WLASL/videos/10166.mp4,cheat,19,features_cache/10166.pt
WLASL/videos/10148.mp4,cheat,19,features_cache/10148.pt
WLASL/videos/10149.mp4,cheat,19,features_cache/10149.pt
WLASL/videos/67489.mp4,cheat,19,features_cache/67489.pt
WLASL/videos/10157.mp4,cheat,19,features_cache/10157.pt
WLASL/videos/10158.mp4,cheat,19,features_cache/10158.pt
WLASL/videos/10160.mp4,cheat,19,features_cache/10160.pt
WLASL/videos/68374.mp4,city,20,features_cache/68374.pt
WLASL/videos/10895.mp4,city,20,features_cache/10895.pt
WLASL/videos/10896.mp4,city,20,features_cache/10896.pt
WLASL/videos/10899.mp4,city,20,features_cache/10899.pt
WLASL/videos/10900.mp4,city,20,features_cache/10900.pt
WLASL/videos/65362.mp4,city,20,features_cache/65362.pt
WLASL/videos/65363.mp4,city,20,features_cache/65363.pt
WLASL/videos/10892.mp4,city,20,features_cache/10892.pt
WLASL/videos/67501.mp4,city,20,features_cache/67501.pt
WLASL/videos/10902.mp4,city,20,features_cache/10902.pt
WLASL/videos/10903.mp4,city,20,features_cache/10903.pt
WLASL/videos/10893.mp4,city,20,features_cache/10893.pt
WLASL/videos/10894.mp4,city,20,features_cache/10894.pt
WLASL/videos/68029.mp4,cook,24,features_cache/68029.pt
WLASL/videos/69004.mp4,cook,24,features_cache/69004.pt
WLASL/videos/13158.mp4,cook,24,features_cache/13158.pt
WLASL/videos/13160.mp4,cook,24,features_cache/13160.pt
WLASL/videos/13161.mp4,cook,24,features_cache/13161.pt
WLASL/videos/67527.mp4,cook,24,features_cache/67527.pt
WLASL/videos/13164.mp4,cook,24,features_cache/13164.pt
WLASL/videos/13165.mp4,cook,24,features_cache/13165.pt
WLASL/videos/13166.mp4,cook,24,features_cache/13166.pt
WLASL/videos/13167.mp4,cook,24,features_cache/13167.pt
WLASL/videos/13168.mp4,cook,24,features_cache/13168.pt
WLASL/videos/13156.mp4,cook,24,features_cache/13156.pt
WLASL/videos/13157.mp4,cook,24,features_cache/13157.pt
WLASL/videos/15034.mp4,decide,32,features_cache/15034.pt
WLASL/videos/15035.mp4,decide,32,features_cache/15035.pt
WLASL/videos/15036.mp4,decide,32,features_cache/15036.pt
WLASL/videos/15038.mp4,decide,32,features_cache/15038.pt
WLASL/videos/15039.mp4,decide,32,features_cache/15039.pt
WLASL/videos/65449.mp4,decide,32,features_cache/65449.pt
WLASL/videos/65450.mp4,decide,32,features_cache/65450.pt
WLASL/videos/67555.mp4,decide,32,features_cache/67555.pt
WLASL/videos/67556.mp4,decide,32,features_cache/67556.pt
WLASL/videos/15041.mp4,decide,32,features_cache/15041.pt
WLASL/videos/15042.mp4,decide,32,features_cache/15042.pt
WLASL/videos/15032.mp4,decide,32,features_cache/15032.pt
WLASL/videos/15033.mp4,decide,32,features_cache/15033.pt
WLASL/videos/23782.mp4,full,43,features_cache/23782.pt
WLASL/videos/23771.mp4,full,43,features_cache/23771.pt
WLASL/videos/23772.mp4,full,43,features_cache/23772.pt
WLASL/videos/23773.mp4,full,43,features_cache/23773.pt
WLASL/videos/23774.mp4,full,43,features_cache/23774.pt
WLASL/videos/23766.mp4,full,43,features_cache/23766.pt
WLASL/videos/23777.mp4,full,43,features_cache/23777.pt
WLASL/videos/67697.mp4,full,43,features_cache/67697.pt
WLASL/videos/23779.mp4,full,43,features_cache/23779.pt
WLASL/videos/23780.mp4,full,43,features_cache/23780.pt
WLASL/videos/23768.mp4,full,43,features_cache/23768.pt
WLASL/videos/23769.mp4,full,43,features_cache/23769.pt
WLASL/videos/70295.mp4,how,51,features_cache/70295.pt
WLASL/videos/28205.mp4,how,51,features_cache/28205.pt
WLASL/videos/28207.mp4,how,51,features_cache/28207.pt
WLASL/videos/28208.mp4,how,51,features_cache/28208.pt
WLASL/videos/28210.mp4,how,51,features_cache/28210.pt
WLASL/videos/67776.mp4,how,51,features_cache/67776.pt
WLASL/videos/28211.mp4,how,51,features_cache/28211.pt
WLASL/videos/28212.mp4,how,51,features_cache/28212.pt
WLASL/videos/28213.mp4,how,51,features_cache/28213.pt
WLASL/videos/28214.mp4,how,51,features_cache/28214.pt
WLASL/videos/28202.mp4,how,51,features_cache/28202.pt
WLASL/videos/28204.mp4,how,51,features_cache/28204.pt
WLASL/videos/68079.mp4,jacket,52,features_cache/68079.pt
WLASL/videos/30847.mp4,jacket,52,features_cache/30847.pt
WLASL/videos/30848.mp4,jacket,52,features_cache/30848.pt
WLASL/videos/30831.mp4,jacket,52,features_cache/30831.pt
WLASL/videos/30832.mp4,jacket,52,features_cache/30832.pt
WLASL/videos/30834.mp4,jacket,52,features_cache/30834.pt
WLASL/videos/30835.mp4,jacket,52,features_cache/30835.pt
WLASL/videos/30837.mp4,jacket,52,features_cache/30837.pt
WLASL/videos/30838.mp4,jacket,52,features_cache/30838.pt
WLASL/videos/67802.mp4,jacket,52,features_cache/67802.pt
WLASL/videos/30840.mp4,jacket,52,features_cache/30840.pt
WLASL/videos/30842.mp4,jacket,52,features_cache/30842.pt
WLASL/videos/30843.mp4,jacket,52,features_cache/30843.pt
WLASL/videos/66038.mp4,letter,57,features_cache/66038.pt
WLASL/videos/32949.mp4,letter,57,features_cache/32949.pt
WLASL/videos/32951.mp4,letter,57,features_cache/32951.pt
WLASL/videos/32953.mp4,letter,57,features_cache/32953.pt
WLASL/videos/32954.mp4,letter,57,features_cache/32954.pt
WLASL/videos/32945.mp4,letter,57,features_cache/32945.pt
WLASL/videos/67840.mp4,letter,57,features_cache/67840.pt
WLASL/videos/32955.mp4,letter,57,features_cache/32955.pt
WLASL/videos/32957.mp4,letter,57,features_cache/32957.pt
WLASL/videos/32959.mp4,letter,57,features_cache/32959.pt
WLASL/videos/32946.mp4,letter,57,features_cache/32946.pt
WLASL/videos/32947.mp4,letter,57,features_cache/32947.pt
WLASL/videos/35454.mp4,medicine,61,features_cache/35454.pt
WLASL/videos/35455.mp4,medicine,61,features_cache/35455.pt
WLASL/videos/35456.mp4,medicine,61,features_cache/35456.pt
WLASL/videos/35458.mp4,medicine,61,features_cache/35458.pt
WLASL/videos/35460.mp4,medicine,61,features_cache/35460.pt
WLASL/videos/35452.mp4,medicine,61,features_cache/35452.pt
WLASL/videos/67890.mp4,medicine,61,features_cache/67890.pt
WLASL/videos/35462.mp4,medicine,61,features_cache/35462.pt
WLASL/videos/35463.mp4,medicine,61,features_cache/35463.pt
WLASL/videos/35464.mp4,medicine,61,features_cache/35464.pt
WLASL/videos/35465.mp4,medicine,61,features_cache/35465.pt
WLASL/videos/35467.mp4,medicine,61,features_cache/35467.pt
WLASL/videos/35453.mp4,medicine,61,features_cache/35453.pt
WLASL/videos/68544.mp4,need,64,features_cache/68544.pt
WLASL/videos/37885.mp4,need,64,features_cache/37885.pt
WLASL/videos/37886.mp4,need,64,features_cache/37886.pt
WLASL/videos/37888.mp4,need,64,features_cache/37888.pt
WLASL/videos/37889.mp4,need,64,features_cache/37889.pt
WLASL/videos/37881.mp4,need,64,features_cache/37881.pt
WLASL/videos/67925.mp4,need,64,features_cache/67925.pt
WLASL/videos/37891.mp4,need,64,features_cache/37891.pt
WLASL/videos/37892.mp4,need,64,features_cache/37892.pt
WLASL/videos/37893.mp4,need,64,features_cache/37893.pt
WLASL/videos/37894.mp4,need,64,features_cache/37894.pt
WLASL/videos/37883.mp4,need,64,features_cache/37883.pt
WLASL/videos/37884.mp4,need,64,features_cache/37884.pt
WLASL/videos/68125.mp4,paint,68,features_cache/68125.pt
WLASL/videos/40838.mp4,paint,68,features_cache/40838.pt
WLASL/videos/40839.mp4,paint,68,features_cache/40839.pt
WLASL/videos/40841.mp4,paint,68,features_cache/40841.pt
WLASL/videos/40842.mp4,paint,68,features_cache/40842.pt
WLASL/videos/40834.mp4,paint,68,features_cache/40834.pt
WLASL/videos/67958.mp4,paint,68,features_cache/67958.pt
WLASL/videos/40844.mp4,paint,68,features_cache/40844.pt
WLASL/videos/40845.mp4,paint,68,features_cache/40845.pt
WLASL/videos/40846.mp4,paint,68,features_cache/40846.pt
WLASL/videos/40847.mp4,paint,68,features_cache/40847.pt
WLASL/videos/40836.mp4,paint,68,features_cache/40836.pt
WLASL/videos/40837.mp4,paint,68,features_cache/40837.pt
WLASL/videos/70211.mp4,paper,69,features_cache/70211.pt
WLASL/videos/68127.mp4,paper,69,features_cache/68127.pt
WLASL/videos/41030.mp4,paper,69,features_cache/41030.pt
WLASL/videos/41032.mp4,paper,69,features_cache/41032.pt
WLASL/videos/41033.mp4,paper,69,features_cache/41033.pt
WLASL/videos/41025.mp4,paper,69,features_cache/41025.pt
WLASL/videos/67961.mp4,paper,69,features_cache/67961.pt
WLASL/videos/41035.mp4,paper,69,features_cache/41035.pt
WLASL/videos/41036.mp4,paper,69,features_cache/41036.pt
WLASL/videos/41037.mp4,paper,69,features_cache/41037.pt
WLASL/videos/41026.mp4,paper,69,features_cache/41026.pt
WLASL/videos/41028.mp4,paper,69,features_cache/41028.pt
WLASL/videos/41029.mp4,paper,69,features_cache/41029.pt
WLASL/videos/70378.mp4,pull,73,features_cache/70378.pt
WLASL/videos/45265.mp4,pull,73,features_cache/45265.pt
WLASL/videos/45266.mp4,pull,73,features_cache/45266.pt
WLASL/videos/45268.mp4,pull,73,features_cache/45268.pt
WLASL/videos/45269.mp4,pull,73,features_cache/45269.pt
WLASL/videos/66351.mp4,pull,73,features_cache/66351.pt
WLASL/videos/45261.mp4,pull,73,features_cache/45261.pt
WLASL/videos/67111.mp4,pull,73,features_cache/67111.pt
WLASL/videos/45271.mp4,pull,73,features_cache/45271.pt
WLASL/videos/45272.mp4,pull,73,features_cache/45272.pt
WLASL/videos/45273.mp4,pull,73,features_cache/45273.pt
WLASL/videos/45263.mp4,pull,73,features_cache/45263.pt
WLASL/videos/45264.mp4,pull,73,features_cache/45264.pt
WLASL/videos/68137.mp4,purple,74,features_cache/68137.pt
WLASL/videos/68726.mp4,purple,74,features_cache/68726.pt
WLASL/videos/70247.mp4,purple,74,features_cache/70247.pt
WLASL/videos/45439.mp4,purple,74,features_cache/45439.pt
WLASL/videos/45440.mp4,purple,74,features_cache/45440.pt
WLASL/videos/66355.mp4,purple,74,features_cache/66355.pt
WLASL/videos/67114.mp4,purple,74,features_cache/67114.pt
WLASL/videos/45442.mp4,purple,74,features_cache/45442.pt
WLASL/videos/45443.mp4,purple,74,features_cache/45443.pt
WLASL/videos/45433.mp4,purple,74,features_cache/45433.pt
WLASL/videos/45434.mp4,purple,74,features_cache/45434.pt
WLASL/videos/45436.mp4,purple,74,features_cache/45436.pt
WLASL/videos/45437.mp4,purple,74,features_cache/45437.pt
WLASL/videos/68142.mp4,right,75,features_cache/68142.pt
WLASL/videos/48122.mp4,right,75,features_cache/48122.pt
WLASL/videos/48105.mp4,right,75,features_cache/48105.pt
WLASL/videos/48106.mp4,right,75,features_cache/48106.pt
WLASL/videos/48107.mp4,right,75,features_cache/48107.pt
WLASL/videos/67143.mp4,right,75,features_cache/67143.pt
WLASL/videos/48109.mp4,right,75,features_cache/48109.pt
WLASL/videos/48111.mp4,right,75,features_cache/48111.pt
WLASL/videos/67142.mp4,right,75,features_cache/67142.pt
WLASL/videos/48114.mp4,right,75,features_cache/48114.pt
WLASL/videos/48117.mp4,right,75,features_cache/48117.pt
WLASL/videos/48120.mp4,right,75,features_cache/48120.pt
WLASL/videos/68856.mp4,same,76,features_cache/68856.pt
WLASL/videos/49175.mp4,same,76,features_cache/49175.pt
WLASL/videos/49178.mp4,same,76,features_cache/49178.pt
WLASL/videos/49181.mp4,same,76,features_cache/49181.pt
WLASL/videos/67159.mp4,same,76,features_cache/67159.pt
WLASL/videos/67161.mp4,same,76,features_cache/67161.pt
WLASL/videos/49183.mp4,same,76,features_cache/49183.pt
WLASL/videos/49184.mp4,same,76,features_cache/49184.pt
WLASL/videos/49185.mp4,same,76,features_cache/49185.pt
WLASL/videos/49186.mp4,same,76,features_cache/49186.pt
WLASL/videos/49188.mp4,same,76,features_cache/49188.pt
WLASL/videos/49174.mp4,same,76,features_cache/49174.pt
WLASL/videos/70335.mp4,son,81,features_cache/70335.pt
WLASL/videos/53272.mp4,son,81,features_cache/53272.pt
WLASL/videos/53273.mp4,son,81,features_cache/53273.pt
WLASL/videos/53275.mp4,son,81,features_cache/53275.pt
WLASL/videos/53276.mp4,son,81,features_cache/53276.pt
WLASL/videos/66531.mp4,son,81,features_cache/66531.pt
WLASL/videos/66532.mp4,son,81,features_cache/66532.pt
WLASL/videos/53268.mp4,son,81,features_cache/53268.pt
WLASL/videos/67227.mp4,son,81,features_cache/67227.pt
WLASL/videos/53278.mp4,son,81,features_cache/53278.pt
WLASL/videos/53279.mp4,son,81,features_cache/53279.pt
WLASL/videos/53270.mp4,son,81,features_cache/53270.pt
WLASL/videos/53271.mp4,son,81,features_cache/53271.pt
WLASL/videos/57279.mp4,tell,85,features_cache/57279.pt
WLASL/videos/57280.mp4,tell,85,features_cache/57280.pt
WLASL/videos/57281.mp4,tell,85,features_cache/57281.pt
WLASL/videos/57283.mp4,tell,85,features_cache/57283.pt
WLASL/videos/57284.mp4,tell,85,features_cache/57284.pt
WLASL/videos/57276.mp4,tell,85,features_cache/57276.pt
WLASL/videos/67287.mp4,tell,85,features_cache/67287.pt
WLASL/videos/57286.mp4,tell,85,features_cache/57286.pt
WLASL/videos/57287.mp4,tell,85,features_cache/57287.pt
WLASL/videos/57288.mp4,tell,85,features_cache/57288.pt
WLASL/videos/57289.mp4,tell,85,features_cache/57289.pt
WLASL/videos/57291.mp4,tell,85,features_cache/57291.pt
WLASL/videos/57277.mp4,tell,85,features_cache/57277.pt
WLASL/videos/58362.mp4,thursday,88,features_cache/58362.pt
WLASL/videos/58363.mp4,thursday,88,features_cache/58363.pt
WLASL/videos/58364.mp4,thursday,88,features_cache/58364.pt
WLASL/videos/58366.mp4,thursday,88,features_cache/58366.pt
WLASL/videos/58367.mp4,thursday,88,features_cache/58367.pt
WLASL/videos/66637.mp4,thursday,88,features_cache/66637.pt
WLASL/videos/66638.mp4,thursday,88,features_cache/66638.pt
WLASL/videos/66639.mp4,thursday,88,features_cache/66639.pt
WLASL/videos/66640.mp4,thursday,88,features_cache/66640.pt
WLASL/videos/67306.mp4,thursday,88,features_cache/67306.pt
WLASL/videos/58369.mp4,thursday,88,features_cache/58369.pt
WLASL/videos/58360.mp4,thursday,88,features_cache/58360.pt
WLASL/videos/58361.mp4,thursday,88,features_cache/58361.pt
