video_path,class_gloss,class_id,feature_path,video_names
wlasl/videos/69241.mp4,book,11,features_cache/69241.pt,69241
wlasl/videos/07069.mp4,book,11,features_cache/07069.pt,07069
wlasl/videos/07068.mp4,book,11,features_cache/07068.pt,07068
wlasl/videos/07070.mp4,book,11,features_cache/07070.pt,07070
wlasl/videos/07074.mp4,book,11,features_cache/07074.pt,07074
wlasl/videos/65539.mp4,drink,35,features_cache/65539.pt,65539
wlasl/videos/17710.mp4,drink,35,features_cache/17710.pt,17710
wlasl/videos/17733.mp4,drink,35,features_cache/17733.pt,17733
wlasl/videos/65540.mp4,drink,35,features_cache/65540.pt,65540
wlasl/videos/17711.mp4,drink,35,features_cache/17711.pt,17711
wlasl/videos/17712.mp4,drink,35,features_cache/17712.pt,17712
wlasl/videos/17709.mp4,drink,35,features_cache/17709.pt,17709
wlasl/videos/17720.mp4,drink,35,features_cache/17720.pt,17720
wlasl/videos/17721.mp4,drink,35,features_cache/17721.pt,17721
wlasl/videos/17722.mp4,drink,35,features_cache/17722.pt,17722
wlasl/videos/17723.mp4,drink,35,features_cache/17723.pt,17723
wlasl/videos/12328.mp4,computer,23,features_cache/12328.pt,12328
wlasl/videos/12311.mp4,computer,23,features_cache/12311.pt,12311
wlasl/videos/12338.mp4,computer,23,features_cache/12338.pt,12338
wlasl/videos/12313.mp4,computer,23,features_cache/12313.pt,12313
wlasl/videos/12314.mp4,computer,23,features_cache/12314.pt,12314
wlasl/videos/12316.mp4,computer,23,features_cache/12316.pt,12316
wlasl/videos/12317.mp4,computer,23,features_cache/12317.pt,12317
wlasl/videos/12318.mp4,computer,23,features_cache/12318.pt,12318
wlasl/videos/12319.mp4,computer,23,features_cache/12319.pt,12319
wlasl/videos/12327.mp4,computer,23,features_cache/12327.pt,12327
wlasl/videos/05728.mp4,before,6,features_cache/05728.pt,05728
wlasl/videos/05749.mp4,before,6,features_cache/05749.pt,05749
wlasl/videos/05729.mp4,before,6,features_cache/05729.pt,05729
wlasl/videos/05730.mp4,before,6,features_cache/05730.pt,05730
wlasl/videos/65167.mp4,before,6,features_cache/65167.pt,65167
wlasl/videos/05731.mp4,before,6,features_cache/05731.pt,05731
wlasl/videos/05732.mp4,before,6,features_cache/05732.pt,05732
wlasl/videos/05733.mp4,before,6,features_cache/05733.pt,05733
wlasl/videos/05734.mp4,before,6,features_cache/05734.pt,05734
wlasl/videos/05740.mp4,before,6,features_cache/05740.pt,05740
wlasl/videos/05742.mp4,before,6,features_cache/05742.pt,05742
wlasl/videos/05743.mp4,before,6,features_cache/05743.pt,05743
wlasl/videos/09848.mp4,chair,17,features_cache/09848.pt,09848
wlasl/videos/09869.mp4,chair,17,features_cache/09869.pt,09869
wlasl/videos/09849.mp4,chair,17,features_cache/09849.pt,09849
wlasl/videos/09850.mp4,chair,17,features_cache/09850.pt,09850
wlasl/videos/65328.mp4,chair,17,features_cache/65328.pt,65328
wlasl/videos/24955.mp4,go,45,features_cache/24955.pt,24955
wlasl/videos/24956.mp4,go,45,features_cache/24956.pt,24956
wlasl/videos/24941.mp4,go,45,features_cache/24941.pt,24941
wlasl/videos/24961.mp4,go,45,features_cache/24961.pt,24961
wlasl/videos/24962.mp4,go,45,features_cache/24962.pt,24962
wlasl/videos/65824.mp4,go,45,features_cache/65824.pt,65824
wlasl/videos/24973.mp4,go,45,features_cache/24973.pt,24973
wlasl/videos/24943.mp4,go,45,features_cache/24943.pt,24943
wlasl/videos/24947.mp4,go,45,features_cache/24947.pt,24947
wlasl/videos/24940.mp4,go,45,features_cache/24940.pt,24940
wlasl/videos/24954.mp4,go,45,features_cache/24954.pt,24954
wlasl/videos/11310.mp4,clothes,21,features_cache/11310.pt,11310
wlasl/videos/11330.mp4,clothes,21,features_cache/11330.pt,11330
wlasl/videos/11313.mp4,clothes,21,features_cache/11313.pt,11313
wlasl/videos/11309.mp4,clothes,21,features_cache/11309.pt,11309
wlasl/videos/69534.mp4,who,94,features_cache/69534.pt,69534
wlasl/videos/63242.mp4,who,94,features_cache/63242.pt,63242
wlasl/videos/63227.mp4,who,94,features_cache/63227.pt,63227
wlasl/videos/63228.mp4,who,94,features_cache/63228.pt,63228
wlasl/videos/63231.mp4,who,94,features_cache/63231.pt,63231
wlasl/videos/66778.mp4,who,94,features_cache/66778.pt,66778
wlasl/videos/63232.mp4,who,94,features_cache/63232.pt,63232
wlasl/videos/66779.mp4,who,94,features_cache/66779.pt,66779
wlasl/videos/63225.mp4,who,94,features_cache/63225.pt,63225
wlasl/videos/63236.mp4,who,94,features_cache/63236.pt,63236
wlasl/videos/08916.mp4,candy,16,features_cache/08916.pt,08916
wlasl/videos/08917.mp4,candy,16,features_cache/08917.pt,08917
wlasl/videos/08919.mp4,candy,16,features_cache/08919.pt,08919
wlasl/videos/08920.mp4,candy,16,features_cache/08920.pt,08920
wlasl/videos/08921.mp4,candy,16,features_cache/08921.pt,08921
wlasl/videos/65298.mp4,candy,16,features_cache/65298.pt,65298
wlasl/videos/08924.mp4,candy,16,features_cache/08924.pt,08924
wlasl/videos/65299.mp4,candy,16,features_cache/65299.pt,65299
wlasl/videos/13647.mp4,cousin,27,features_cache/13647.pt,13647
wlasl/videos/13648.mp4,cousin,27,features_cache/13648.pt,13648
wlasl/videos/13631.mp4,cousin,27,features_cache/13631.pt,13631
wlasl/videos/13632.mp4,cousin,27,features_cache/13632.pt,13632
wlasl/videos/13636.mp4,cousin,27,features_cache/13636.pt,13636
wlasl/videos/13630.mp4,cousin,27,features_cache/13630.pt,13630
wlasl/videos/13640.mp4,cousin,27,features_cache/13640.pt,13640
wlasl/videos/13642.mp4,cousin,27,features_cache/13642.pt,13642
wlasl/videos/13646.mp4,cousin,27,features_cache/13646.pt,13646
wlasl/videos/14882.mp4,deaf,31,features_cache/14882.pt,14882
wlasl/videos/14884.mp4,deaf,31,features_cache/14884.pt,14884
wlasl/videos/14885.mp4,deaf,31,features_cache/14885.pt,14885
wlasl/videos/14886.mp4,deaf,31,features_cache/14886.pt,14886
wlasl/videos/65445.mp4,deaf,31,features_cache/65445.pt,65445
wlasl/videos/14893.mp4,deaf,31,features_cache/14893.pt,14893
wlasl/videos/14894.mp4,deaf,31,features_cache/14894.pt,14894
wlasl/videos/21870.mp4,fine,39,features_cache/21870.pt,21870
wlasl/videos/21891.mp4,fine,39,features_cache/21891.pt,21891
wlasl/videos/21871.mp4,fine,39,features_cache/21871.pt,21871
wlasl/videos/21869.mp4,fine,39,features_cache/21869.pt,21869
wlasl/videos/21878.mp4,fine,39,features_cache/21878.pt,21878
wlasl/videos/21883.mp4,fine,39,features_cache/21883.pt,21883
wlasl/videos/27221.mp4,help,49,features_cache/27221.pt,27221
wlasl/videos/27206.mp4,help,49,features_cache/27206.pt,27206
wlasl/videos/27207.mp4,help,49,features_cache/27207.pt,27207
wlasl/videos/27208.mp4,help,49,features_cache/27208.pt,27208
wlasl/videos/65890.mp4,help,49,features_cache/65890.pt,65890
wlasl/videos/27214.mp4,help,49,features_cache/27214.pt,27214
wlasl/videos/65889.mp4,help,49,features_cache/65889.pt,65889
wlasl/videos/27215.mp4,help,49,features_cache/27215.pt,27215
wlasl/videos/27216.mp4,help,49,features_cache/27216.pt,27216
wlasl/videos/27217.mp4,help,49,features_cache/27217.pt,27217
wlasl/videos/38544.mp4,no,65,features_cache/38544.pt,38544
wlasl/videos/38527.mp4,no,65,features_cache/38527.pt,38527
wlasl/videos/38529.mp4,no,65,features_cache/38529.pt,38529
wlasl/videos/38530.mp4,no,65,features_cache/38530.pt,38530
wlasl/videos/38532.mp4,no,65,features_cache/38532.pt,38532
wlasl/videos/66183.mp4,no,65,features_cache/66183.pt,66183
wlasl/videos/38524.mp4,no,65,features_cache/38524.pt,38524
wlasl/videos/38534.mp4,no,65,features_cache/38534.pt,38534
wlasl/videos/57949.mp4,thin,87,features_cache/57949.pt,57949
wlasl/videos/57934.mp4,thin,87,features_cache/57934.pt,57934
wlasl/videos/57953.mp4,thin,87,features_cache/57953.pt,57953
wlasl/videos/57935.mp4,thin,87,features_cache/57935.pt,57935
wlasl/videos/57936.mp4,thin,87,features_cache/57936.pt,57936
wlasl/videos/57937.mp4,thin,87,features_cache/57937.pt,57937
wlasl/videos/66606.mp4,thin,87,features_cache/66606.pt,66606
wlasl/videos/57939.mp4,thin,87,features_cache/57939.pt,57939
wlasl/videos/57940.mp4,thin,87,features_cache/57940.pt,57940
wlasl/videos/57942.mp4,thin,87,features_cache/57942.pt,57942
wlasl/videos/57947.mp4,thin,87,features_cache/57947.pt,57947
wlasl/videos/62175.mp4,walk,90,features_cache/62175.pt,62175
wlasl/videos/62159.mp4,walk,90,features_cache/62159.pt,62159
wlasl/videos/62163.mp4,walk,90,features_cache/62163.pt,62163
wlasl/videos/62164.mp4,walk,90,features_cache/62164.pt,62164
wlasl/videos/66743.mp4,walk,90,features_cache/66743.pt,66743
wlasl/videos/66742.mp4,walk,90,features_cache/66742.pt,66742
wlasl/videos/62168.mp4,walk,90,features_cache/62168.pt,62168
wlasl/videos/62169.mp4,walk,90,features_cache/62169.pt,62169
wlasl/videos/62170.mp4,walk,90,features_cache/62170.pt,62170
wlasl/videos/64224.mp4,year,98,features_cache/64224.pt,64224
wlasl/videos/64212.mp4,year,98,features_cache/64212.pt,64212
wlasl/videos/66818.mp4,year,98,features_cache/66818.pt,66818
wlasl/videos/64213.mp4,year,98,features_cache/64213.pt,64213
wlasl/videos/66816.mp4,year,98,features_cache/66816.pt,66816
wlasl/videos/64219.mp4,year,98,features_cache/64219.pt,64219
wlasl/videos/64218.mp4,year,98,features_cache/64218.pt,64218
wlasl/videos/64284.mp4,yes,99,features_cache/64284.pt,64284
wlasl/videos/64291.mp4,yes,99,features_cache/64291.pt,64291
wlasl/videos/64292.mp4,yes,99,features_cache/64292.pt,64292
wlasl/videos/66820.mp4,yes,99,features_cache/66820.pt,66820
wlasl/videos/64280.mp4,yes,99,features_cache/64280.pt,64280
wlasl/videos/64300.mp4,yes,99,features_cache/64300.pt,64300
wlasl/videos/64281.mp4,yes,99,features_cache/64281.pt,64281
wlasl/videos/64288.mp4,yes,99,features_cache/64288.pt,64288
wlasl/videos/64283.mp4,yes,99,features_cache/64283.pt,64283
wlasl/videos/69206.mp4,all,2,features_cache/69206.pt,69206
wlasl/videos/02003.mp4,all,2,features_cache/02003.pt,02003
wlasl/videos/01987.mp4,all,2,features_cache/01987.pt,01987
wlasl/videos/01988.mp4,all,2,features_cache/01988.pt,01988
wlasl/videos/01991.mp4,all,2,features_cache/01991.pt,01991
wlasl/videos/01992.mp4,all,2,features_cache/01992.pt,01992
wlasl/videos/65043.mp4,all,2,features_cache/65043.pt,65043
wlasl/videos/06472.mp4,black,9,features_cache/06472.pt,06472
wlasl/videos/06473.mp4,black,9,features_cache/06473.pt,06473
wlasl/videos/06474.mp4,black,9,features_cache/06474.pt,06474
wlasl/videos/06477.mp4,black,9,features_cache/06477.pt,06477
wlasl/videos/06478.mp4,black,9,features_cache/06478.pt,06478
wlasl/videos/65200.mp4,black,9,features_cache/65200.pt,65200
wlasl/videos/06471.mp4,black,9,features_cache/06471.pt,06471
wlasl/videos/06486.mp4,black,9,features_cache/06486.pt,06486
wlasl/videos/69281.mp4,cool,25,features_cache/69281.pt,69281
wlasl/videos/65403.mp4,cool,25,features_cache/65403.pt,65403
wlasl/videos/13213.mp4,cool,25,features_cache/13213.pt,13213
wlasl/videos/13216.mp4,cool,25,features_cache/13216.pt,13216
wlasl/videos/13217.mp4,cool,25,features_cache/13217.pt,13217
wlasl/videos/13199.mp4,cool,25,features_cache/13199.pt,13199
wlasl/videos/13200.mp4,cool,25,features_cache/13200.pt,13200
wlasl/videos/13201.mp4,cool,25,features_cache/13201.pt,13201
wlasl/videos/13202.mp4,cool,25,features_cache/13202.pt,13202
wlasl/videos/13208.mp4,cool,25,features_cache/13208.pt,13208
wlasl/videos/13209.mp4,cool,25,features_cache/13209.pt,13209
wlasl/videos/21943.mp4,finish,40,features_cache/21943.pt,21943
wlasl/videos/21945.mp4,finish,40,features_cache/21945.pt,21945
wlasl/videos/21950.mp4,finish,40,features_cache/21950.pt,21950
wlasl/videos/65721.mp4,finish,40,features_cache/65721.pt,65721
wlasl/videos/21941.mp4,finish,40,features_cache/21941.pt,21941
wlasl/videos/21951.mp4,finish,40,features_cache/21951.pt,21951
wlasl/videos/28125.mp4,hot,50,features_cache/28125.pt,28125
wlasl/videos/28108.mp4,hot,50,features_cache/28108.pt,28108
wlasl/videos/28109.mp4,hot,50,features_cache/28109.pt,28109
wlasl/videos/28110.mp4,hot,50,features_cache/28110.pt,28110
wlasl/videos/28111.mp4,hot,50,features_cache/28111.pt,28111
wlasl/videos/28115.mp4,hot,50,features_cache/28115.pt,28115
wlasl/videos/28116.mp4,hot,50,features_cache/28116.pt,28116
wlasl/videos/28107.mp4,hot,50,features_cache/28107.pt,28107
wlasl/videos/33266.mp4,like,58,features_cache/33266.pt,33266
wlasl/videos/33285.mp4,like,58,features_cache/33285.pt,33285
wlasl/videos/33267.mp4,like,58,features_cache/33267.pt,33267
wlasl/videos/33269.mp4,like,58,features_cache/33269.pt,33269
wlasl/videos/33273.mp4,like,58,features_cache/33273.pt,33273
wlasl/videos/33274.mp4,like,58,features_cache/33274.pt,33274
wlasl/videos/34823.mp4,many,60,features_cache/34823.pt,34823
wlasl/videos/34824.mp4,many,60,features_cache/34824.pt,34824
wlasl/videos/34825.mp4,many,60,features_cache/34825.pt,34825
wlasl/videos/34826.mp4,many,60,features_cache/34826.pt,34826
wlasl/videos/34827.mp4,many,60,features_cache/34827.pt,34827
wlasl/videos/34830.mp4,many,60,features_cache/34830.pt,34830
wlasl/videos/34831.mp4,many,60,features_cache/34831.pt,34831
wlasl/videos/34832.mp4,many,60,features_cache/34832.pt,34832
wlasl/videos/34839.mp4,many,60,features_cache/34839.pt,34839
wlasl/videos/36946.mp4,mother,63,features_cache/36946.pt,36946
wlasl/videos/36930.mp4,mother,63,features_cache/36930.pt,36930
wlasl/videos/36931.mp4,mother,63,features_cache/36931.pt,36931
wlasl/videos/36932.mp4,mother,63,features_cache/36932.pt,36932
wlasl/videos/36933.mp4,mother,63,features_cache/36933.pt,36933
wlasl/videos/36936.mp4,mother,63,features_cache/36936.pt,36936
wlasl/videos/36937.mp4,mother,63,features_cache/36937.pt,36937
wlasl/videos/66147.mp4,mother,63,features_cache/66147.pt,66147
wlasl/videos/66146.mp4,mother,63,features_cache/66146.pt,66146
wlasl/videos/36929.mp4,mother,63,features_cache/36929.pt,36929
wlasl/videos/38999.mp4,now,66,features_cache/38999.pt,38999
wlasl/videos/38990.mp4,now,66,features_cache/38990.pt,38990
wlasl/videos/39006.mp4,now,66,features_cache/39006.pt,39006
wlasl/videos/38995.mp4,now,66,features_cache/38995.pt,38995
wlasl/videos/38997.mp4,now,66,features_cache/38997.pt,38997
wlasl/videos/40115.mp4,orange,67,features_cache/40115.pt,40115
wlasl/videos/40116.mp4,orange,67,features_cache/40116.pt,40116
wlasl/videos/40117.mp4,orange,67,features_cache/40117.pt,40117
wlasl/videos/40119.mp4,orange,67,features_cache/40119.pt,40119
wlasl/videos/40121.mp4,orange,67,features_cache/40121.pt,40121
wlasl/videos/66246.mp4,orange,67,features_cache/66246.pt,66246
wlasl/videos/40129.mp4,orange,67,features_cache/40129.pt,40129
wlasl/videos/40130.mp4,orange,67,features_cache/40130.pt,40130
wlasl/videos/56557.mp4,table,83,features_cache/56557.pt,56557
wlasl/videos/56579.mp4,table,83,features_cache/56579.pt,56579
wlasl/videos/56558.mp4,table,83,features_cache/56558.pt,56558
wlasl/videos/56556.mp4,table,83,features_cache/56556.pt,56556
wlasl/videos/56563.mp4,table,83,features_cache/56563.pt,56563
wlasl/videos/57647.mp4,thanksgiving,86,features_cache/57647.pt,57647
wlasl/videos/57630.mp4,thanksgiving,86,features_cache/57630.pt,57630
wlasl/videos/57631.mp4,thanksgiving,86,features_cache/57631.pt,57631
wlasl/videos/57632.mp4,thanksgiving,86,features_cache/57632.pt,57632
wlasl/videos/57633.mp4,thanksgiving,86,features_cache/57633.pt,57633
wlasl/videos/57634.mp4,thanksgiving,86,features_cache/57634.pt,57634
wlasl/videos/57635.mp4,thanksgiving,86,features_cache/57635.pt,57635
wlasl/videos/57638.mp4,thanksgiving,86,features_cache/57638.pt,57638
wlasl/videos/57641.mp4,thanksgiving,86,features_cache/57641.pt,57641
wlasl/videos/62968.mp4,what,92,features_cache/62968.pt,62968
wlasl/videos/62970.mp4,what,92,features_cache/62970.pt,62970
wlasl/videos/66769.mp4,what,92,features_cache/66769.pt,66769
wlasl/videos/62964.mp4,what,92,features_cache/62964.pt,62964
wlasl/videos/62979.mp4,what,92,features_cache/62979.pt,62979
wlasl/videos/62966.mp4,what,92,features_cache/62966.pt,62966
wlasl/videos/63679.mp4,woman,95,features_cache/63679.pt,63679
wlasl/videos/63665.mp4,woman,95,features_cache/63665.pt,63665
wlasl/videos/63666.mp4,woman,95,features_cache/63666.pt,63666
wlasl/videos/63667.mp4,woman,95,features_cache/63667.pt,63667
wlasl/videos/63668.mp4,woman,95,features_cache/63668.pt,63668
wlasl/videos/63672.mp4,woman,95,features_cache/63672.pt,63672
wlasl/videos/63673.mp4,woman,95,features_cache/63673.pt,63673
wlasl/videos/66798.mp4,woman,95,features_cache/66798.pt,66798
wlasl/videos/66799.mp4,woman,95,features_cache/66799.pt,66799
wlasl/videos/05644.mp4,bed,5,features_cache/05644.pt,05644
wlasl/videos/05629.mp4,bed,5,features_cache/05629.pt,05629
wlasl/videos/05630.mp4,bed,5,features_cache/05630.pt,05630
wlasl/videos/05631.mp4,bed,5,features_cache/05631.pt,05631
wlasl/videos/05632.mp4,bed,5,features_cache/05632.pt,05632
wlasl/videos/05633.mp4,bed,5,features_cache/05633.pt,05633
wlasl/videos/05634.mp4,bed,5,features_cache/05634.pt,05634
wlasl/videos/05636.mp4,bed,5,features_cache/05636.pt,05636
wlasl/videos/65162.mp4,bed,5,features_cache/65162.pt,65162
wlasl/videos/05637.mp4,bed,5,features_cache/05637.pt,05637
wlasl/videos/65161.mp4,bed,5,features_cache/65161.pt,65161
wlasl/videos/05638.mp4,bed,5,features_cache/05638.pt,05638
wlasl/videos/06835.mp4,blue,10,features_cache/06835.pt,06835
wlasl/videos/06839.mp4,blue,10,features_cache/06839.pt,06839
wlasl/videos/65216.mp4,blue,10,features_cache/65216.pt,65216
wlasl/videos/06832.mp4,blue,10,features_cache/06832.pt,06832
wlasl/videos/06833.mp4,blue,10,features_cache/06833.pt,06833
wlasl/videos/06834.mp4,blue,10,features_cache/06834.pt,06834
wlasl/videos/07389.mp4,bowling,12,features_cache/07389.pt,07389
wlasl/videos/07390.mp4,bowling,12,features_cache/07390.pt,07390
wlasl/videos/07391.mp4,bowling,12,features_cache/07391.pt,07391
wlasl/videos/07392.mp4,bowling,12,features_cache/07392.pt,07392
wlasl/videos/07393.mp4,bowling,12,features_cache/07393.pt,07393
wlasl/videos/07394.mp4,bowling,12,features_cache/07394.pt,07394
wlasl/videos/07397.mp4,bowling,12,features_cache/07397.pt,07397
wlasl/videos/65242.mp4,bowling,12,features_cache/65242.pt,65242
wlasl/videos/65241.mp4,bowling,12,features_cache/65241.pt,65241
wlasl/videos/07399.mp4,bowling,12,features_cache/07399.pt,07399
wlasl/videos/08955.mp4,can,15,features_cache/08955.pt,08955
wlasl/videos/08935.mp4,can,15,features_cache/08935.pt,08935
wlasl/videos/08936.mp4,can,15,features_cache/08936.pt,08936
wlasl/videos/08937.mp4,can,15,features_cache/08937.pt,08937
wlasl/videos/08938.mp4,can,15,features_cache/08938.pt,08938
wlasl/videos/08942.mp4,can,15,features_cache/08942.pt,08942
wlasl/videos/08944.mp4,can,15,features_cache/08944.pt,08944
wlasl/videos/69298.mp4,dog,34,features_cache/69298.pt,69298
wlasl/videos/17084.mp4,dog,34,features_cache/17084.pt,17084
wlasl/videos/17085.mp4,dog,34,features_cache/17085.pt,17085
wlasl/videos/17086.mp4,dog,34,features_cache/17086.pt,17086
wlasl/videos/17087.mp4,dog,34,features_cache/17087.pt,17087
wlasl/videos/17090.mp4,dog,34,features_cache/17090.pt,17090
wlasl/videos/17091.mp4,dog,34,features_cache/17091.pt,17091
wlasl/videos/65507.mp4,dog,34,features_cache/65507.pt,65507
wlasl/videos/20980.mp4,family,38,features_cache/20980.pt,20980
wlasl/videos/20981.mp4,family,38,features_cache/20981.pt,20981
wlasl/videos/20982.mp4,family,38,features_cache/20982.pt,20982
wlasl/videos/20983.mp4,family,38,features_cache/20983.pt,20983
wlasl/videos/20986.mp4,family,38,features_cache/20986.pt,20986
wlasl/videos/20987.mp4,family,38,features_cache/20987.pt,20987
wlasl/videos/65677.mp4,family,38,features_cache/65677.pt,65677
wlasl/videos/20978.mp4,family,38,features_cache/20978.pt,20978
wlasl/videos/20992.mp4,family,38,features_cache/20992.pt,20992
wlasl/videos/20979.mp4,family,38,features_cache/20979.pt,20979
wlasl/videos/69325.mp4,fish,41,features_cache/69325.pt,69325
wlasl/videos/22130.mp4,fish,41,features_cache/22130.pt,22130
wlasl/videos/22115.mp4,fish,41,features_cache/22115.pt,22115
wlasl/videos/22116.mp4,fish,41,features_cache/22116.pt,22116
wlasl/videos/22120.mp4,fish,41,features_cache/22120.pt,22120
wlasl/videos/22121.mp4,fish,41,features_cache/22121.pt,22121
wlasl/videos/65731.mp4,fish,41,features_cache/65731.pt,65731
wlasl/videos/25339.mp4,graduate,46,features_cache/25339.pt,25339
wlasl/videos/25322.mp4,graduate,46,features_cache/25322.pt,25322
wlasl/videos/25323.mp4,graduate,46,features_cache/25323.pt,25323
wlasl/videos/25324.mp4,graduate,46,features_cache/25324.pt,25324
wlasl/videos/25325.mp4,graduate,46,features_cache/25325.pt,25325
wlasl/videos/25326.mp4,graduate,46,features_cache/25326.pt,25326
wlasl/videos/25329.mp4,graduate,46,features_cache/25329.pt,25329
wlasl/videos/25321.mp4,graduate,46,features_cache/25321.pt,25321
wlasl/videos/26713.mp4,hat,47,features_cache/26713.pt,26713
wlasl/videos/26712.mp4,hat,47,features_cache/26712.pt,26712
wlasl/videos/26739.mp4,hat,47,features_cache/26739.pt,26739
wlasl/videos/26741.mp4,hat,47,features_cache/26741.pt,26741
wlasl/videos/26714.mp4,hat,47,features_cache/26714.pt,26714
wlasl/videos/26715.mp4,hat,47,features_cache/26715.pt,26715
wlasl/videos/26717.mp4,hat,47,features_cache/26717.pt,26717
wlasl/videos/26719.mp4,hat,47,features_cache/26719.pt,26719
wlasl/videos/26972.mp4,hearing,48,features_cache/26972.pt,26972
wlasl/videos/26973.mp4,hearing,48,features_cache/26973.pt,26973
wlasl/videos/26974.mp4,hearing,48,features_cache/26974.pt,26974
wlasl/videos/26975.mp4,hearing,48,features_cache/26975.pt,26975
wlasl/videos/26976.mp4,hearing,48,features_cache/26976.pt,26976
wlasl/videos/26971.mp4,hearing,48,features_cache/26971.pt,26971
wlasl/videos/26980.mp4,hearing,48,features_cache/26980.pt,26980
wlasl/videos/31767.mp4,kiss,53,features_cache/31767.pt,31767
wlasl/videos/31752.mp4,kiss,53,features_cache/31752.pt,31752
wlasl/videos/31753.mp4,kiss,53,features_cache/31753.pt,31753
wlasl/videos/31755.mp4,kiss,53,features_cache/31755.pt,31755
wlasl/videos/31756.mp4,kiss,53,features_cache/31756.pt,31756
wlasl/videos/65996.mp4,kiss,53,features_cache/65996.pt,65996
wlasl/videos/32158.mp4,language,54,features_cache/32158.pt,32158
wlasl/videos/32160.mp4,language,54,features_cache/32160.pt,32160
wlasl/videos/32163.mp4,language,54,features_cache/32163.pt,32163
wlasl/videos/66008.mp4,language,54,features_cache/66008.pt,66008
wlasl/videos/66007.mp4,language,54,features_cache/66007.pt,66007
wlasl/videos/32155.mp4,language,54,features_cache/32155.pt,32155
wlasl/videos/32337.mp4,later,56,features_cache/32337.pt,32337
wlasl/videos/32338.mp4,later,56,features_cache/32338.pt,32338
wlasl/videos/32321.mp4,later,56,features_cache/32321.pt,32321
wlasl/videos/32322.mp4,later,56,features_cache/32322.pt,32322
wlasl/videos/32324.mp4,later,56,features_cache/32324.pt,32324
wlasl/videos/32326.mp4,later,56,features_cache/32326.pt,32326
wlasl/videos/66014.mp4,later,56,features_cache/66014.pt,66014
wlasl/videos/32333.mp4,later,56,features_cache/32333.pt,32333
wlasl/videos/34746.mp4,man,59,features_cache/34746.pt,34746
wlasl/videos/34733.mp4,man,59,features_cache/34733.pt,34733
wlasl/videos/34734.mp4,man,59,features_cache/34734.pt,34734
wlasl/videos/34736.mp4,man,59,features_cache/34736.pt,34736
wlasl/videos/34737.mp4,man,59,features_cache/34737.pt,34737
wlasl/videos/34738.mp4,man,59,features_cache/34738.pt,34738
wlasl/videos/66098.mp4,man,59,features_cache/66098.pt,66098
wlasl/videos/66099.mp4,man,59,features_cache/66099.pt,66099
wlasl/videos/34732.mp4,man,59,features_cache/34732.pt,34732
wlasl/videos/34742.mp4,man,59,features_cache/34742.pt,34742
wlasl/videos/51057.mp4,shirt,79,features_cache/51057.pt,51057
wlasl/videos/51056.mp4,shirt,79,features_cache/51056.pt,51056
wlasl/videos/51058.mp4,shirt,79,features_cache/51058.pt,51058
wlasl/videos/51059.mp4,shirt,79,features_cache/51059.pt,51059
wlasl/videos/51060.mp4,shirt,79,features_cache/51060.pt,51060
wlasl/videos/51061.mp4,shirt,79,features_cache/51061.pt,51061
wlasl/videos/51063.mp4,shirt,79,features_cache/51063.pt,51063
wlasl/videos/51064.mp4,shirt,79,features_cache/51064.pt,51064
wlasl/videos/55364.mp4,study,82,features_cache/55364.pt,55364
wlasl/videos/55365.mp4,study,82,features_cache/55365.pt,55365
wlasl/videos/55366.mp4,study,82,features_cache/55366.pt,55366
wlasl/videos/55368.mp4,study,82,features_cache/55368.pt,55368
wlasl/videos/55369.mp4,study,82,features_cache/55369.pt,55369
wlasl/videos/66575.mp4,study,82,features_cache/66575.pt,66575
wlasl/videos/55361.mp4,study,82,features_cache/55361.pt,55361
wlasl/videos/55362.mp4,study,82,features_cache/55362.pt,55362
wlasl/videos/55363.mp4,study,82,features_cache/55363.pt,55363
wlasl/videos/56852.mp4,tall,84,features_cache/56852.pt,56852
wlasl/videos/56838.mp4,tall,84,features_cache/56838.pt,56838
wlasl/videos/56839.mp4,tall,84,features_cache/56839.pt,56839
wlasl/videos/56841.mp4,tall,84,features_cache/56841.pt,56841
wlasl/videos/56842.mp4,tall,84,features_cache/56842.pt,56842
wlasl/videos/56844.mp4,tall,84,features_cache/56844.pt,56844
wlasl/videos/56846.mp4,tall,84,features_cache/56846.pt,56846
wlasl/videos/66592.mp4,tall,84,features_cache/66592.pt,66592
wlasl/videos/56837.mp4,tall,84,features_cache/56837.pt,56837
wlasl/videos/56848.mp4,tall,84,features_cache/56848.pt,56848
wlasl/videos/63204.mp4,white,93,features_cache/63204.pt,63204
wlasl/videos/63205.mp4,white,93,features_cache/63205.pt,63205
wlasl/videos/63207.mp4,white,93,features_cache/63207.pt,63207
wlasl/videos/63208.mp4,white,93,features_cache/63208.pt,63208
wlasl/videos/63200.mp4,white,93,features_cache/63200.pt,63200
wlasl/videos/63214.mp4,white,93,features_cache/63214.pt,63214
wlasl/videos/63202.mp4,white,93,features_cache/63202.pt,63202
wlasl/videos/63203.mp4,white,93,features_cache/63203.pt,63203
wlasl/videos/64087.mp4,wrong,97,features_cache/64087.pt,64087
wlasl/videos/64088.mp4,wrong,97,features_cache/64088.pt,64088
wlasl/videos/64090.mp4,wrong,97,features_cache/64090.pt,64090
wlasl/videos/64091.mp4,wrong,97,features_cache/64091.pt,64091
wlasl/videos/64084.mp4,wrong,97,features_cache/64084.pt,64084
wlasl/videos/64085.mp4,wrong,97,features_cache/64085.pt,64085
wlasl/videos/64086.mp4,wrong,97,features_cache/64086.pt,64086
wlasl/videos/00639.mp4,accident,0,features_cache/00639.pt,00639
wlasl/videos/00624.mp4,accident,0,features_cache/00624.pt,00624
wlasl/videos/00628.mp4,accident,0,features_cache/00628.pt,00628
wlasl/videos/00629.mp4,accident,0,features_cache/00629.pt,00629
wlasl/videos/00631.mp4,accident,0,features_cache/00631.pt,00631
wlasl/videos/00632.mp4,accident,0,features_cache/00632.pt,00632
wlasl/videos/65009.mp4,accident,0,features_cache/65009.pt,65009
wlasl/videos/00623.mp4,accident,0,features_cache/00623.pt,00623
wlasl/videos/00633.mp4,accident,0,features_cache/00633.pt,00633
wlasl/videos/03005.mp4,apple,3,features_cache/03005.pt,03005
wlasl/videos/03008.mp4,apple,3,features_cache/03008.pt,03008
wlasl/videos/65085.mp4,apple,3,features_cache/65085.pt,65085
wlasl/videos/65084.mp4,apple,3,features_cache/65084.pt,65084
wlasl/videos/03000.mp4,apple,3,features_cache/03000.pt,03000
wlasl/videos/03001.mp4,apple,3,features_cache/03001.pt,03001
wlasl/videos/03002.mp4,apple,3,features_cache/03002.pt,03002
wlasl/videos/03003.mp4,apple,3,features_cache/03003.pt,03003
wlasl/videos/06333.mp4,bird,7,features_cache/06333.pt,06333
wlasl/videos/06334.mp4,bird,7,features_cache/06334.pt,06334
wlasl/videos/06337.mp4,bird,7,features_cache/06337.pt,06337
wlasl/videos/65187.mp4,bird,7,features_cache/65187.pt,65187
wlasl/videos/06343.mp4,bird,7,features_cache/06343.pt,06343
wlasl/videos/06331.mp4,bird,7,features_cache/06331.pt,06331
wlasl/videos/06332.mp4,bird,7,features_cache/06332.pt,06332
wlasl/videos/09966.mp4,change,18,features_cache/09966.pt,09966
wlasl/videos/09967.mp4,change,18,features_cache/09967.pt,09967
wlasl/videos/09970.mp4,change,18,features_cache/09970.pt,09970
wlasl/videos/09953.mp4,change,18,features_cache/09953.pt,09953
wlasl/videos/09954.mp4,change,18,features_cache/09954.pt,09954
wlasl/videos/09956.mp4,change,18,features_cache/09956.pt,09956
wlasl/videos/09949.mp4,change,18,features_cache/09949.pt,09949
wlasl/videos/09960.mp4,change,18,features_cache/09960.pt,09960
wlasl/videos/09963.mp4,change,18,features_cache/09963.pt,09963
wlasl/videos/11773.mp4,color,22,features_cache/11773.pt,11773
wlasl/videos/11767.mp4,color,22,features_cache/11767.pt,11767
wlasl/videos/11780.mp4,color,22,features_cache/11780.pt,11780
wlasl/videos/11768.mp4,color,22,features_cache/11768.pt,11768
wlasl/videos/11769.mp4,color,22,features_cache/11769.pt,11769
wlasl/videos/11770.mp4,color,22,features_cache/11770.pt,11770
wlasl/videos/69282.mp4,corn,26,features_cache/69282.pt,69282
wlasl/videos/13337.mp4,corn,26,features_cache/13337.pt,13337
wlasl/videos/13326.mp4,corn,26,features_cache/13326.pt,13326
wlasl/videos/13327.mp4,corn,26,features_cache/13327.pt,13327
wlasl/videos/13328.mp4,corn,26,features_cache/13328.pt,13328
wlasl/videos/13329.mp4,corn,26,features_cache/13329.pt,13329
wlasl/videos/65408.mp4,corn,26,features_cache/65408.pt,65408
wlasl/videos/65409.mp4,corn,26,features_cache/65409.pt,65409
wlasl/videos/13323.mp4,corn,26,features_cache/13323.pt,13323
wlasl/videos/13333.mp4,corn,26,features_cache/13333.pt,13333
wlasl/videos/69283.mp4,cow,28,features_cache/69283.pt,69283
wlasl/videos/13697.mp4,cow,28,features_cache/13697.pt,13697
wlasl/videos/13699.mp4,cow,28,features_cache/13699.pt,13699
wlasl/videos/13702.mp4,cow,28,features_cache/13702.pt,13702
wlasl/videos/13695.mp4,cow,28,features_cache/13695.pt,13695
wlasl/videos/14627.mp4,dance,29,features_cache/14627.pt,14627
wlasl/videos/65434.mp4,dance,29,features_cache/65434.pt,65434
wlasl/videos/14633.mp4,dance,29,features_cache/14633.pt,14633
wlasl/videos/14622.mp4,dance,29,features_cache/14622.pt,14622
wlasl/videos/14623.mp4,dance,29,features_cache/14623.pt,14623
wlasl/videos/14624.mp4,dance,29,features_cache/14624.pt,14624
wlasl/videos/14625.mp4,dance,29,features_cache/14625.pt,14625
wlasl/videos/69290.mp4,dark,30,features_cache/69290.pt,69290
wlasl/videos/14674.mp4,dark,30,features_cache/14674.pt,14674
wlasl/videos/14675.mp4,dark,30,features_cache/14675.pt,14675
wlasl/videos/14676.mp4,dark,30,features_cache/14676.pt,14676
wlasl/videos/14680.mp4,dark,30,features_cache/14680.pt,14680
wlasl/videos/65439.mp4,dark,30,features_cache/65439.pt,65439
wlasl/videos/65440.mp4,dark,30,features_cache/65440.pt,65440
wlasl/videos/14671.mp4,dark,30,features_cache/14671.pt,14671
wlasl/videos/14681.mp4,dark,30,features_cache/14681.pt,14681
wlasl/videos/17015.mp4,doctor,33,features_cache/17015.pt,17015
wlasl/videos/17017.mp4,doctor,33,features_cache/17017.pt,17017
wlasl/videos/17019.mp4,doctor,33,features_cache/17019.pt,17019
wlasl/videos/65503.mp4,doctor,33,features_cache/65503.pt,65503
wlasl/videos/65504.mp4,doctor,33,features_cache/65504.pt,65504
wlasl/videos/17013.mp4,doctor,33,features_cache/17013.pt,17013
wlasl/videos/17026.mp4,doctor,33,features_cache/17026.pt,17026
wlasl/videos/17014.mp4,doctor,33,features_cache/17014.pt,17014
wlasl/videos/18329.mp4,eat,36,features_cache/18329.pt,18329
wlasl/videos/65601.mp4,eat,36,features_cache/65601.pt,65601
wlasl/videos/18335.mp4,eat,36,features_cache/18335.pt,18335
wlasl/videos/18324.mp4,eat,36,features_cache/18324.pt,18324
wlasl/videos/18325.mp4,eat,36,features_cache/18325.pt,18325
wlasl/videos/19261.mp4,enjoy,37,features_cache/19261.pt,19261
wlasl/videos/19264.mp4,enjoy,37,features_cache/19264.pt,19264
wlasl/videos/65635.mp4,enjoy,37,features_cache/65635.pt,65635
wlasl/videos/19269.mp4,enjoy,37,features_cache/19269.pt,19269
wlasl/videos/19258.mp4,enjoy,37,features_cache/19258.pt,19258
wlasl/videos/19259.mp4,enjoy,37,features_cache/19259.pt,19259
wlasl/videos/19260.mp4,enjoy,37,features_cache/19260.pt,19260
wlasl/videos/22955.mp4,forget,42,features_cache/22955.pt,22955
wlasl/videos/22960.mp4,forget,42,features_cache/22960.pt,22960
wlasl/videos/22967.mp4,forget,42,features_cache/22967.pt,22967
wlasl/videos/22952.mp4,forget,42,features_cache/22952.pt,22952
wlasl/videos/22953.mp4,forget,42,features_cache/22953.pt,22953
wlasl/videos/69343.mp4,give,44,features_cache/69343.pt,69343
wlasl/videos/24660.mp4,give,44,features_cache/24660.pt,24660
wlasl/videos/24638.mp4,give,44,features_cache/24638.pt,24638
wlasl/videos/24640.mp4,give,44,features_cache/24640.pt,24640
wlasl/videos/24648.mp4,give,44,features_cache/24648.pt,24648
wlasl/videos/24651.mp4,give,44,features_cache/24651.pt,24651
wlasl/videos/66010.mp4,last,55,features_cache/66010.pt,66010
wlasl/videos/32248.mp4,last,55,features_cache/32248.pt,32248
wlasl/videos/32249.mp4,last,55,features_cache/32249.pt,32249
wlasl/videos/32250.mp4,last,55,features_cache/32250.pt,32250
wlasl/videos/32254.mp4,last,55,features_cache/32254.pt,32254
wlasl/videos/32257.mp4,last,55,features_cache/32257.pt,32257
wlasl/videos/32260.mp4,last,55,features_cache/32260.pt,32260
wlasl/videos/32261.mp4,last,55,features_cache/32261.pt,32261
wlasl/videos/35511.mp4,meet,62,features_cache/35511.pt,35511
wlasl/videos/35512.mp4,meet,62,features_cache/35512.pt,35512
wlasl/videos/35516.mp4,meet,62,features_cache/35516.pt,35516
wlasl/videos/35517.mp4,meet,62,features_cache/35517.pt,35517
wlasl/videos/35518.mp4,meet,62,features_cache/35518.pt,35518
wlasl/videos/35509.mp4,meet,62,features_cache/35509.pt,35509
wlasl/videos/35523.mp4,meet,62,features_cache/35523.pt,35523
wlasl/videos/69430.mp4,pink,70,features_cache/69430.pt,69430
wlasl/videos/42831.mp4,pink,70,features_cache/42831.pt,42831
wlasl/videos/42832.mp4,pink,70,features_cache/42832.pt,42832
wlasl/videos/42836.mp4,pink,70,features_cache/42836.pt,42836
wlasl/videos/66296.mp4,pink,70,features_cache/66296.pt,66296
wlasl/videos/42829.mp4,pink,70,features_cache/42829.pt,42829
wlasl/videos/42843.mp4,pink,70,features_cache/42843.pt,42843
wlasl/videos/42830.mp4,pink,70,features_cache/42830.pt,42830
wlasl/videos/42958.mp4,pizza,71,features_cache/42958.pt,42958
wlasl/videos/42959.mp4,pizza,71,features_cache/42959.pt,42959
wlasl/videos/42961.mp4,pizza,71,features_cache/42961.pt,42961
wlasl/videos/66297.mp4,pizza,71,features_cache/66297.pt,66297
wlasl/videos/42956.mp4,pizza,71,features_cache/42956.pt,42956
wlasl/videos/42966.mp4,pizza,71,features_cache/42966.pt,42966
wlasl/videos/42967.mp4,pizza,71,features_cache/42967.pt,42967
wlasl/videos/42969.mp4,pizza,71,features_cache/42969.pt,42969
wlasl/videos/43170.mp4,play,72,features_cache/43170.pt,43170
wlasl/videos/43173.mp4,play,72,features_cache/43173.pt,43173
wlasl/videos/43174.mp4,play,72,features_cache/43174.pt,43174
wlasl/videos/43179.mp4,play,72,features_cache/43179.pt,43179
wlasl/videos/43180.mp4,play,72,features_cache/43180.pt,43180
wlasl/videos/43167.mp4,play,72,features_cache/43167.pt,43167
wlasl/videos/43168.mp4,play,72,features_cache/43168.pt,43168
wlasl/videos/43169.mp4,play,72,features_cache/43169.pt,43169
wlasl/videos/49602.mp4,school,77,features_cache/49602.pt,49602
wlasl/videos/49595.mp4,school,77,features_cache/49595.pt,49595
wlasl/videos/49596.mp4,school,77,features_cache/49596.pt,49596
wlasl/videos/49597.mp4,school,77,features_cache/49597.pt,49597
wlasl/videos/49598.mp4,school,77,features_cache/49598.pt,49598
wlasl/videos/49599.mp4,school,77,features_cache/49599.pt,49599
wlasl/videos/49600.mp4,school,77,features_cache/49600.pt,49600
wlasl/videos/50037.mp4,secretary,78,features_cache/50037.pt,50037
wlasl/videos/50038.mp4,secretary,78,features_cache/50038.pt,50038
wlasl/videos/50039.mp4,secretary,78,features_cache/50039.pt,50039
wlasl/videos/50040.mp4,secretary,78,features_cache/50040.pt,50040
wlasl/videos/50044.mp4,secretary,78,features_cache/50044.pt,50044
wlasl/videos/50045.mp4,secretary,78,features_cache/50045.pt,50045
wlasl/videos/66441.mp4,secretary,78,features_cache/66441.pt,66441
wlasl/videos/50046.mp4,secretary,78,features_cache/50046.pt,50046
wlasl/videos/51221.mp4,short,80,features_cache/51221.pt,51221
wlasl/videos/51223.mp4,short,80,features_cache/51223.pt,51223
wlasl/videos/51225.mp4,short,80,features_cache/51225.pt,51225
wlasl/videos/51226.mp4,short,80,features_cache/51226.pt,51226
wlasl/videos/66469.mp4,short,80,features_cache/66469.pt,66469
wlasl/videos/51231.mp4,short,80,features_cache/51231.pt,51231
wlasl/videos/51232.mp4,short,80,features_cache/51232.pt,51232
wlasl/videos/51235.mp4,short,80,features_cache/51235.pt,51235
wlasl/videos/51236.mp4,short,80,features_cache/51236.pt,51236
wlasl/videos/58503.mp4,time,89,features_cache/58503.pt,58503
wlasl/videos/66644.mp4,time,89,features_cache/66644.pt,66644
wlasl/videos/58508.mp4,time,89,features_cache/58508.pt,58508
wlasl/videos/58498.mp4,time,89,features_cache/58498.pt,58498
wlasl/videos/58499.mp4,time,89,features_cache/58499.pt,58499
wlasl/videos/62246.mp4,want,91,features_cache/62246.pt,62246
wlasl/videos/62248.mp4,want,91,features_cache/62248.pt,62248
wlasl/videos/62250.mp4,want,91,features_cache/62250.pt,62250
wlasl/videos/62251.mp4,want,91,features_cache/62251.pt,62251
wlasl/videos/62259.mp4,want,91,features_cache/62259.pt,62259
wlasl/videos/62245.mp4,want,91,features_cache/62245.pt,62245
wlasl/videos/63806.mp4,work,96,features_cache/63806.pt,63806
wlasl/videos/63790.mp4,work,96,features_cache/63790.pt,63790
wlasl/videos/63791.mp4,work,96,features_cache/63791.pt,63791
wlasl/videos/63792.mp4,work,96,features_cache/63792.pt,63792
wlasl/videos/63793.mp4,work,96,features_cache/63793.pt,63793
wlasl/videos/66804.mp4,work,96,features_cache/66804.pt,66804
wlasl/videos/63799.mp4,work,96,features_cache/63799.pt,63799
wlasl/videos/01384.mp4,africa,1,features_cache/01384.pt,01384
wlasl/videos/01385.mp4,africa,1,features_cache/01385.pt,01385
wlasl/videos/01387.mp4,africa,1,features_cache/01387.pt,01387
wlasl/videos/01388.mp4,africa,1,features_cache/01388.pt,01388
wlasl/videos/65029.mp4,africa,1,features_cache/65029.pt,65029
wlasl/videos/05230.mp4,basketball,4,features_cache/05230.pt,05230
wlasl/videos/05231.mp4,basketball,4,features_cache/05231.pt,05231
wlasl/videos/05233.mp4,basketball,4,features_cache/05233.pt,05233
wlasl/videos/05234.mp4,basketball,4,features_cache/05234.pt,05234
wlasl/videos/05238.mp4,basketball,4,features_cache/05238.pt,05238
wlasl/videos/65144.mp4,basketball,4,features_cache/65144.pt,65144
wlasl/videos/65145.mp4,basketball,4,features_cache/65145.pt,65145
wlasl/videos/05229.mp4,basketball,4,features_cache/05229.pt,05229
wlasl/videos/05243.mp4,basketball,4,features_cache/05243.pt,05243
wlasl/videos/65192.mp4,birthday,8,features_cache/65192.pt,65192
wlasl/videos/06365.mp4,birthday,8,features_cache/06365.pt,06365
wlasl/videos/06359.mp4,birthday,8,features_cache/06359.pt,06359
wlasl/videos/06371.mp4,birthday,8,features_cache/06371.pt,06371
wlasl/videos/06363.mp4,birthday,8,features_cache/06363.pt,06363
wlasl/videos/07963.mp4,brown,13,features_cache/07963.pt,07963
wlasl/videos/07966.mp4,brown,13,features_cache/07966.pt,07966
wlasl/videos/65263.mp4,brown,13,features_cache/65263.pt,65263
wlasl/videos/07960.mp4,brown,13,features_cache/07960.pt,07960
wlasl/videos/07961.mp4,brown,13,features_cache/07961.pt,07961
wlasl/videos/07962.mp4,brown,13,features_cache/07962.pt,07962
wlasl/videos/08431.mp4,but,14,features_cache/08431.pt,08431
wlasl/videos/65278.mp4,but,14,features_cache/65278.pt,65278
wlasl/videos/08424.mp4,but,14,features_cache/08424.pt,08424
wlasl/videos/08437.mp4,but,14,features_cache/08437.pt,08437
wlasl/videos/10147.mp4,cheat,19,features_cache/10147.pt,10147
wlasl/videos/10166.mp4,cheat,19,features_cache/10166.pt,10166
wlasl/videos/10148.mp4,cheat,19,features_cache/10148.pt,10148
wlasl/videos/10149.mp4,cheat,19,features_cache/10149.pt,10149
wlasl/videos/10157.mp4,cheat,19,features_cache/10157.pt,10157
wlasl/videos/10158.mp4,cheat,19,features_cache/10158.pt,10158
wlasl/videos/10895.mp4,city,20,features_cache/10895.pt,10895
wlasl/videos/65362.mp4,city,20,features_cache/65362.pt,65362
wlasl/videos/65363.mp4,city,20,features_cache/65363.pt,65363
wlasl/videos/10892.mp4,city,20,features_cache/10892.pt,10892
wlasl/videos/10893.mp4,city,20,features_cache/10893.pt,10893
wlasl/videos/10894.mp4,city,20,features_cache/10894.pt,10894
wlasl/videos/13158.mp4,cook,24,features_cache/13158.pt,13158
wlasl/videos/13160.mp4,cook,24,features_cache/13160.pt,13160
wlasl/videos/13161.mp4,cook,24,features_cache/13161.pt,13161
wlasl/videos/13167.mp4,cook,24,features_cache/13167.pt,13167
wlasl/videos/13168.mp4,cook,24,features_cache/13168.pt,13168
wlasl/videos/13156.mp4,cook,24,features_cache/13156.pt,13156
wlasl/videos/13157.mp4,cook,24,features_cache/13157.pt,13157
wlasl/videos/15034.mp4,decide,32,features_cache/15034.pt,15034
wlasl/videos/15035.mp4,decide,32,features_cache/15035.pt,15035
wlasl/videos/15038.mp4,decide,32,features_cache/15038.pt,15038
wlasl/videos/65449.mp4,decide,32,features_cache/65449.pt,65449
wlasl/videos/65450.mp4,decide,32,features_cache/65450.pt,65450
wlasl/videos/15032.mp4,decide,32,features_cache/15032.pt,15032
wlasl/videos/15033.mp4,decide,32,features_cache/15033.pt,15033
wlasl/videos/23782.mp4,full,43,features_cache/23782.pt,23782
wlasl/videos/23771.mp4,full,43,features_cache/23771.pt,23771
wlasl/videos/23774.mp4,full,43,features_cache/23774.pt,23774
wlasl/videos/23766.mp4,full,43,features_cache/23766.pt,23766
wlasl/videos/23768.mp4,full,43,features_cache/23768.pt,23768
wlasl/videos/23769.mp4,full,43,features_cache/23769.pt,23769
wlasl/videos/28205.mp4,how,51,features_cache/28205.pt,28205
wlasl/videos/28210.mp4,how,51,features_cache/28210.pt,28210
wlasl/videos/28211.mp4,how,51,features_cache/28211.pt,28211
wlasl/videos/28214.mp4,how,51,features_cache/28214.pt,28214
wlasl/videos/28202.mp4,how,51,features_cache/28202.pt,28202
wlasl/videos/28204.mp4,how,51,features_cache/28204.pt,28204
wlasl/videos/30831.mp4,jacket,52,features_cache/30831.pt,30831
wlasl/videos/30832.mp4,jacket,52,features_cache/30832.pt,30832
wlasl/videos/30834.mp4,jacket,52,features_cache/30834.pt,30834
wlasl/videos/30835.mp4,jacket,52,features_cache/30835.pt,30835
wlasl/videos/30840.mp4,jacket,52,features_cache/30840.pt,30840
wlasl/videos/66038.mp4,letter,57,features_cache/66038.pt,66038
wlasl/videos/32949.mp4,letter,57,features_cache/32949.pt,32949
wlasl/videos/32953.mp4,letter,57,features_cache/32953.pt,32953
wlasl/videos/32954.mp4,letter,57,features_cache/32954.pt,32954
wlasl/videos/32945.mp4,letter,57,features_cache/32945.pt,32945
wlasl/videos/32955.mp4,letter,57,features_cache/32955.pt,32955
wlasl/videos/32959.mp4,letter,57,features_cache/32959.pt,32959
wlasl/videos/32946.mp4,letter,57,features_cache/32946.pt,32946
wlasl/videos/32947.mp4,letter,57,features_cache/32947.pt,32947
wlasl/videos/35454.mp4,medicine,61,features_cache/35454.pt,35454
wlasl/videos/35455.mp4,medicine,61,features_cache/35455.pt,35455
wlasl/videos/35456.mp4,medicine,61,features_cache/35456.pt,35456
wlasl/videos/35458.mp4,medicine,61,features_cache/35458.pt,35458
wlasl/videos/35452.mp4,medicine,61,features_cache/35452.pt,35452
wlasl/videos/35467.mp4,medicine,61,features_cache/35467.pt,35467
wlasl/videos/35453.mp4,medicine,61,features_cache/35453.pt,35453
wlasl/videos/37886.mp4,need,64,features_cache/37886.pt,37886
wlasl/videos/37881.mp4,need,64,features_cache/37881.pt,37881
wlasl/videos/37894.mp4,need,64,features_cache/37894.pt,37894
wlasl/videos/37883.mp4,need,64,features_cache/37883.pt,37883
wlasl/videos/37884.mp4,need,64,features_cache/37884.pt,37884
wlasl/videos/40841.mp4,paint,68,features_cache/40841.pt,40841
wlasl/videos/40834.mp4,paint,68,features_cache/40834.pt,40834
wlasl/videos/40847.mp4,paint,68,features_cache/40847.pt,40847
wlasl/videos/40836.mp4,paint,68,features_cache/40836.pt,40836
wlasl/videos/40837.mp4,paint,68,features_cache/40837.pt,40837
wlasl/videos/41030.mp4,paper,69,features_cache/41030.pt,41030
wlasl/videos/41032.mp4,paper,69,features_cache/41032.pt,41032
wlasl/videos/41025.mp4,paper,69,features_cache/41025.pt,41025
wlasl/videos/41037.mp4,paper,69,features_cache/41037.pt,41037
wlasl/videos/41026.mp4,paper,69,features_cache/41026.pt,41026
wlasl/videos/41028.mp4,paper,69,features_cache/41028.pt,41028
wlasl/videos/41029.mp4,paper,69,features_cache/41029.pt,41029
wlasl/videos/45265.mp4,pull,73,features_cache/45265.pt,45265
wlasl/videos/66351.mp4,pull,73,features_cache/66351.pt,66351
wlasl/videos/45261.mp4,pull,73,features_cache/45261.pt,45261
wlasl/videos/45273.mp4,pull,73,features_cache/45273.pt,45273
wlasl/videos/45263.mp4,pull,73,features_cache/45263.pt,45263
wlasl/videos/45264.mp4,pull,73,features_cache/45264.pt,45264
wlasl/videos/66355.mp4,purple,74,features_cache/66355.pt,66355
wlasl/videos/45443.mp4,purple,74,features_cache/45443.pt,45443
wlasl/videos/45433.mp4,purple,74,features_cache/45433.pt,45433
wlasl/videos/45434.mp4,purple,74,features_cache/45434.pt,45434
wlasl/videos/45436.mp4,purple,74,features_cache/45436.pt,45436
wlasl/videos/48105.mp4,right,75,features_cache/48105.pt,48105
wlasl/videos/48106.mp4,right,75,features_cache/48106.pt,48106
wlasl/videos/48107.mp4,right,75,features_cache/48107.pt,48107
wlasl/videos/48109.mp4,right,75,features_cache/48109.pt,48109
wlasl/videos/48114.mp4,right,75,features_cache/48114.pt,48114
wlasl/videos/49175.mp4,same,76,features_cache/49175.pt,49175
wlasl/videos/49178.mp4,same,76,features_cache/49178.pt,49178
wlasl/videos/49181.mp4,same,76,features_cache/49181.pt,49181
wlasl/videos/49183.mp4,same,76,features_cache/49183.pt,49183
wlasl/videos/49188.mp4,same,76,features_cache/49188.pt,49188
wlasl/videos/49174.mp4,same,76,features_cache/49174.pt,49174
wlasl/videos/53273.mp4,son,81,features_cache/53273.pt,53273
wlasl/videos/53275.mp4,son,81,features_cache/53275.pt,53275
wlasl/videos/66531.mp4,son,81,features_cache/66531.pt,66531
wlasl/videos/66532.mp4,son,81,features_cache/66532.pt,66532
wlasl/videos/53268.mp4,son,81,features_cache/53268.pt,53268
wlasl/videos/53279.mp4,son,81,features_cache/53279.pt,53279
wlasl/videos/53270.mp4,son,81,features_cache/53270.pt,53270
wlasl/videos/53271.mp4,son,81,features_cache/53271.pt,53271
wlasl/videos/57283.mp4,tell,85,features_cache/57283.pt,57283
wlasl/videos/57284.mp4,tell,85,features_cache/57284.pt,57284
wlasl/videos/57276.mp4,tell,85,features_cache/57276.pt,57276
wlasl/videos/57286.mp4,tell,85,features_cache/57286.pt,57286
wlasl/videos/57287.mp4,tell,85,features_cache/57287.pt,57287
wlasl/videos/57291.mp4,tell,85,features_cache/57291.pt,57291
wlasl/videos/57277.mp4,tell,85,features_cache/57277.pt,57277
wlasl/videos/58362.mp4,thursday,88,features_cache/58362.pt,58362
wlasl/videos/58363.mp4,thursday,88,features_cache/58363.pt,58363
wlasl/videos/58366.mp4,thursday,88,features_cache/58366.pt,58366
wlasl/videos/66637.mp4,thursday,88,features_cache/66637.pt,66637
wlasl/videos/66638.mp4,thursday,88,features_cache/66638.pt,66638
wlasl/videos/66639.mp4,thursday,88,features_cache/66639.pt,66639
wlasl/videos/66640.mp4,thursday,88,features_cache/66640.pt,66640
wlasl/videos/58360.mp4,thursday,88,features_cache/58360.pt,58360
wlasl/videos/58361.mp4,thursday,88,features_cache/58361.pt,58361
